env,method,seed,timestep,return,ep_length
car_flag,cgf,0,20000,-1.6000000000000003,160.0
car_flag,cgf,0,40000,-0.5095,131.75
car_flag,cgf,0,60000,0.2755,73.45
car_flag,cgf,0,80000,0.34450000000000003,66.55
car_flag,cgf,0,100000,0.41899999999999993,59.1
car_flag,cgf,0,120000,0.42600000000000005,58.4
car_flag,cgf,0,140000,0.37,64.0
car_flag,cgf,0,160000,0.469,54.1
car_flag,cgf,0,180000,0.41,60.0
car_flag,cgf,0,200000,0.3685,64.15
car_flag,cgf,0,220000,0.40099999999999997,60.9
car_flag,cgf,0,240000,0.5185,49.15
car_flag,cgf,0,260000,0.377,63.3
car_flag,cgf,0,280000,0.372,63.8
car_flag,cgf,0,300000,0.332,67.8
car_flag,cgf,0,320000,0.4325,57.75
car_flag,cgf,0,340000,0.38300000000000006,62.7
car_flag,cgf,0,360000,0.4109999999999999,59.9
car_flag,cgf,0,380000,0.41,60.0
car_flag,cgf,0,400000,0.40049999999999997,60.95
car_flag,cgf,0,420000,0.4585,55.15
car_flag,cgf,0,440000,0.397,61.3
car_flag,cgf,0,460000,0.39349999999999996,61.65
car_flag,cgf,0,480000,0.387,62.3
car_flag,cgf,0,500000,0.382,62.8
car_flag,cgf,0,520000,0.38399999999999995,62.6
car_flag,cgf,0,540000,0.462,54.8
car_flag,cgf,0,560000,0.4215,58.85
car_flag,cgf,0,580000,0.391,61.9
car_flag,cgf,0,600000,0.34750000000000003,66.25
car_flag,cgf,0,620000,0.44350000000000006,56.65
car_flag,cgf,0,640000,0.40800000000000003,60.2
car_flag,cgf,0,660000,0.4465,56.35
car_flag,cgf,0,680000,0.3285,68.15
car_flag,cgf,0,700000,0.30700000000000005,70.3
car_flag,cgf,0,720000,0.346,66.4
car_flag,cgf,0,740000,0.3284999999999999,68.15
car_flag,cgf,0,760000,0.44349999999999995,56.65
car_flag,cgf,0,780000,0.39200000000000007,61.8
car_flag,cgf,0,800000,0.4565,55.35
car_flag,cgf,0,820000,0.4125,59.75
car_flag,cgf,0,840000,0.40049999999999997,60.95
car_flag,cgf,0,860000,0.46699999999999997,54.3
car_flag,cgf,0,880000,0.40800000000000003,60.2
car_flag,cgf,0,900000,0.363,64.7
car_flag,cgf,0,920000,0.3395,67.05
car_flag,cgf,0,940000,0.362,64.8
car_flag,cgf,0,960000,0.3305,67.95
car_flag,cgf,0,980000,0.4414999999999999,56.85
car_flag,cgf,0,1000000,0.4779999999999999,53.2
car_flag,cgf,1,20000,-0.776,133.15
car_flag,cgf,1,40000,-0.118,82.8
car_flag,cgf,1,60000,0.188,62.2
car_flag,cgf,1,80000,0.12399999999999997,58.6
car_flag,cgf,1,100000,0.18800000000000003,62.2
car_flag,cgf,1,120000,0.17249999999999996,53.75
car_flag,cgf,1,140000,0.396,61.4
car_flag,cgf,1,160000,0.3585,65.15
car_flag,cgf,1,180000,0.38499999999999995,62.5
car_flag,cgf,1,200000,0.49450000000000005,51.55
car_flag,cgf,1,220000,0.42800000000000005,58.2
car_flag,cgf,1,240000,0.4165,59.35
car_flag,cgf,1,260000,0.442,56.8
car_flag,cgf,1,280000,0.3825,62.75
car_flag,cgf,1,300000,0.4725,53.75
car_flag,cgf,1,320000,0.414,59.6
car_flag,cgf,1,340000,0.37150000000000005,63.85
car_flag,cgf,1,360000,0.44499999999999995,56.5
car_flag,cgf,1,380000,0.38649999999999995,62.35
car_flag,cgf,1,400000,0.421,58.9
car_flag,cgf,1,420000,0.4465,56.35
car_flag,cgf,1,440000,0.386,62.4
car_flag,cgf,1,460000,0.4124999999999999,59.75
car_flag,cgf,1,480000,0.3835,62.65
car_flag,cgf,1,500000,0.46049999999999996,54.95
car_flag,cgf,1,520000,0.41850000000000004,59.15
car_flag,cgf,1,540000,0.44400000000000006,56.6
car_flag,cgf,1,560000,0.495,51.5
car_flag,cgf,1,580000,0.3895,62.05
car_flag,cgf,1,600000,0.45199999999999996,55.8
car_flag,cgf,1,620000,0.395,61.5
car_flag,cgf,1,640000,0.37800000000000006,63.2
car_flag,cgf,1,660000,0.365,64.5
car_flag,cgf,1,680000,0.4090000000000001,60.1
car_flag,cgf,1,700000,0.44750000000000006,56.25
car_flag,cgf,1,720000,0.35899999999999993,65.1
car_flag,cgf,1,740000,0.40199999999999997,60.8
car_flag,cgf,1,760000,0.471,53.9
car_flag,cgf,1,780000,0.4045000000000001,60.55
car_flag,cgf,1,800000,0.4574999999999999,55.25
car_flag,cgf,1,820000,0.44299999999999995,56.7
car_flag,cgf,1,840000,0.48649999999999993,52.35
car_flag,cgf,1,860000,0.42800000000000005,58.2
car_flag,cgf,1,880000,0.45150000000000007,55.85
car_flag,cgf,1,900000,0.40800000000000003,60.2
car_flag,cgf,1,920000,0.3655,64.45
car_flag,cgf,1,940000,0.45,56.0
car_flag,cgf,1,960000,0.457,55.3
car_flag,cgf,1,980000,0.4205,58.95
car_flag,cgf,1,1000000,0.477,53.3
car_flag,cgf,2,20000,-0.8464999999999998,95.65
car_flag,cgf,2,40000,-0.649,65.9
car_flag,cgf,2,60000,-0.857,46.7
car_flag,cgf,2,80000,-0.7139999999999999,42.4
car_flag,cgf,2,100000,-0.7844999999999999,39.45
car_flag,cgf,2,120000,-0.681,39.1
car_flag,cgf,2,140000,-0.16799999999999998,37.8
car_flag,cgf,2,160000,-0.658,36.8
car_flag,cgf,2,180000,-0.3585,36.85
car_flag,cgf,2,200000,-0.45549999999999996,36.55
car_flag,cgf,2,220000,-0.4585,36.85
car_flag,cgf,2,240000,-0.4600000000000001,37.0
car_flag,cgf,2,260000,-0.36400000000000005,37.4
car_flag,cgf,2,280000,-0.157,36.7
car_flag,cgf,2,300000,-0.055500000000000035,36.55
car_flag,cgf,2,320000,-0.06150000000000001,37.15
car_flag,cgf,2,340000,-0.35650000000000004,36.65
car_flag,cgf,2,360000,0.04749999999999999,36.25
car_flag,cgf,2,380000,-0.46349999999999997,37.35
car_flag,cgf,2,400000,-0.45450000000000007,36.45
car_flag,cgf,2,420000,-0.35800000000000004,36.8
car_flag,cgf,2,440000,-0.4565,36.65
car_flag,cgf,2,460000,-0.5534999999999999,36.35
car_flag,cgf,2,480000,-0.25549999999999995,36.55
car_flag,cgf,2,500000,-0.35050000000000003,36.05
car_flag,cgf,2,520000,-0.562,37.2
car_flag,cgf,2,540000,-0.4565,36.65
car_flag,cgf,2,560000,-0.5575000000000001,36.75
car_flag,cgf,2,580000,-0.35899999999999993,36.9
car_flag,cgf,2,600000,-0.653,36.3
car_flag,cgf,2,620000,-0.7595000000000001,36.95
car_flag,cgf,2,640000,-0.34950000000000003,35.95
car_flag,cgf,2,660000,-0.45699999999999996,36.7
car_flag,cgf,2,680000,-0.15599999999999997,36.6
car_flag,cgf,2,700000,-0.15400000000000003,36.4
car_flag,cgf,2,720000,-0.15400000000000003,36.4
car_flag,cgf,2,740000,-0.759,36.9
car_flag,cgf,2,760000,-0.352,36.2
car_flag,cgf,2,780000,-0.261,37.1
car_flag,cgf,2,800000,-0.4509999999999999,36.1
car_flag,cgf,2,820000,-0.3635,37.35
car_flag,cgf,2,840000,-0.3555,36.55
car_flag,cgf,2,860000,-0.2615,37.15
car_flag,cgf,2,880000,-0.2515,36.15
car_flag,cgf,2,900000,-0.05249999999999999,36.25
car_flag,cgf,2,920000,0.04449999999999998,36.55
car_flag,cgf,2,940000,-0.35700000000000004,36.7
car_flag,cgf,2,960000,-0.15850000000000006,36.85
car_flag,cgf,2,980000,-0.6600000000000001,37.0
car_flag,cgf,2,1000000,-0.7604999999999998,37.05
car_flag,cgf,3,20000,-1.157,136.7
car_flag,cgf,3,40000,-0.7855000000000001,89.55
car_flag,cgf,3,60000,-0.413,62.3
car_flag,cgf,3,80000,-0.32199999999999995,53.2
car_flag,cgf,3,100000,0.05349999999999996,45.65
car_flag,cgf,3,120000,0.2869999999999999,42.3
car_flag,cgf,3,140000,0.16299999999999998,44.7
car_flag,cgf,3,160000,0.008500000000000008,50.15
car_flag,cgf,3,180000,0.04999999999999999,46.0
car_flag,cgf,3,200000,-0.04649999999999998,45.65
car_flag,cgf,3,220000,0.39350000000000007,51.65
car_flag,cgf,3,240000,0.11399999999999999,39.6
car_flag,cgf,3,260000,0.3745,43.55
car_flag,cgf,3,280000,0.191,51.9
car_flag,cgf,3,300000,0.3515,45.85
car_flag,cgf,3,320000,-0.16350000000000003,47.35
car_flag,cgf,3,340000,-0.027500000000000007,43.75
car_flag,cgf,3,360000,0.195,41.5
car_flag,cgf,3,380000,0.3355,47.45
car_flag,cgf,3,400000,0.39799999999999996,51.2
car_flag,cgf,3,420000,-0.013000000000000012,52.3
car_flag,cgf,3,440000,0.09849999999999999,51.15
car_flag,cgf,3,460000,-0.0935,50.35
car_flag,cgf,3,480000,0.045,56.5
car_flag,cgf,3,500000,0.4700000000000001,54.0
car_flag,cgf,3,520000,0.179,43.1
car_flag,cgf,3,540000,0.33100000000000007,47.9
car_flag,cgf,3,560000,0.2465,56.35
car_flag,cgf,3,580000,-0.12200000000000003,43.2
car_flag,cgf,3,600000,0.3415,46.85
car_flag,cgf,3,620000,0.12550000000000003,48.45
car_flag,cgf,3,640000,0.10200000000000001,50.8
car_flag,cgf,3,660000,0.1035,40.65
car_flag,cgf,3,680000,0.17400000000000002,43.6
car_flag,cgf,3,700000,0.2,51.0
car_flag,cgf,3,720000,0.07550000000000004,53.45
car_flag,cgf,3,740000,0.17350000000000002,53.65
car_flag,cgf,3,760000,0.2935,61.65
car_flag,cgf,3,780000,0.324,48.6
car_flag,cgf,3,800000,-0.025500000000000002,53.55
car_flag,cgf,3,820000,0.227,48.3
car_flag,cgf,3,840000,0.23050000000000007,47.95
car_flag,cgf,3,860000,0.18000000000000002,53.0
car_flag,cgf,3,880000,0.12350000000000003,48.65
car_flag,cgf,3,900000,0.23149999999999998,47.85
car_flag,cgf,3,920000,0.21999999999999997,49.0
car_flag,cgf,3,940000,0.1525,55.75
car_flag,cgf,3,960000,0.08449999999999998,52.55
car_flag,cgf,3,980000,0.2375,57.25
car_flag,cgf,3,1000000,0.008999999999999998,50.1
car_flag,cgf,4,20000,-1.068,77.8
car_flag,cgf,4,40000,-0.3615,57.15
car_flag,cgf,4,60000,-0.8419999999999999,45.2
car_flag,cgf,4,80000,-0.5965,40.65
car_flag,cgf,4,100000,-0.6854999999999999,39.55
car_flag,cgf,4,120000,-0.7775,38.75
car_flag,cgf,4,140000,-0.3755,38.55
car_flag,cgf,4,160000,-0.7725,38.25
car_flag,cgf,4,180000,-0.184,39.4
car_flag,cgf,4,200000,-0.6910000000000001,40.1
car_flag,cgf,4,220000,0.015999999999999993,39.4
car_flag,cgf,4,240000,-0.3685,37.85
car_flag,cgf,4,260000,-0.6774999999999999,38.75
car_flag,cgf,4,280000,-0.378,38.8
car_flag,cgf,4,300000,-0.37000000000000005,38.0
car_flag,cgf,4,320000,-0.36600000000000005,37.6
car_flag,cgf,4,340000,-0.5740000000000001,38.4
car_flag,cgf,4,360000,-0.06649999999999998,37.65
car_flag,cgf,4,380000,-0.6690000000000002,37.9
car_flag,cgf,4,400000,-0.15500000000000003,36.5
car_flag,cgf,4,420000,-0.16200000000000003,37.2
car_flag,cgf,4,440000,-0.561,37.1
car_flag,cgf,4,460000,-0.055000000000000014,36.5
car_flag,cgf,4,480000,-0.554,36.4
car_flag,cgf,4,500000,-0.8565000000000002,36.65
car_flag,cgf,4,520000,-0.5505,36.05
car_flag,cgf,4,540000,-0.15950000000000003,36.95
car_flag,cgf,4,560000,-0.256,36.6
car_flag,cgf,4,580000,-0.0595,36.95
car_flag,cgf,4,600000,-0.05150000000000001,36.15
car_flag,cgf,4,620000,-0.449,35.9
car_flag,cgf,4,640000,0.14099999999999996,36.9
car_flag,cgf,4,660000,-0.15650000000000003,36.65
car_flag,cgf,4,680000,-0.25149999999999995,36.15
car_flag,cgf,4,700000,-0.35649999999999993,36.65
car_flag,cgf,4,720000,-0.048499999999999995,35.85
car_flag,cgf,4,740000,-0.5640000000000001,37.4
car_flag,cgf,4,760000,-0.44749999999999995,35.75
car_flag,cgf,4,780000,-0.057499999999999975,36.75
car_flag,cgf,4,800000,-0.35900000000000004,36.9
car_flag,cgf,4,820000,-0.4525,36.25
car_flag,cgf,4,840000,-0.5605,37.05
car_flag,cgf,4,860000,-0.4565,36.65
car_flag,cgf,4,880000,-0.35900000000000004,36.9
car_flag,cgf,4,900000,-0.758,36.8
car_flag,cgf,4,920000,-0.254,36.4
car_flag,cgf,4,940000,-0.3565,36.65
car_flag,cgf,4,960000,-0.45200000000000007,36.2
car_flag,cgf,4,980000,-0.26,37.0
car_flag,cgf,4,1000000,-0.643,35.3
car_flag,cgf,5,20000,-0.9780000000000001,148.3
car_flag,cgf,5,40000,-0.005000000000000002,101.5
car_flag,cgf,5,60000,0.32,69.0
car_flag,cgf,5,80000,0.396,61.4
car_flag,cgf,5,100000,0.4830000000000001,52.7
car_flag,cgf,5,120000,0.421,58.9
car_flag,cgf,5,140000,0.4425,56.75
car_flag,cgf,5,160000,0.366,64.4
car_flag,cgf,5,180000,0.37750000000000006,63.25
car_flag,cgf,5,200000,0.4125,59.75
car_flag,cgf,5,220000,0.4485,56.15
car_flag,cgf,5,240000,0.36950000000000005,64.05
car_flag,cgf,5,260000,0.37350000000000005,63.65
car_flag,cgf,5,280000,0.378,63.2
car_flag,cgf,5,300000,0.371,63.9
car_flag,cgf,5,320000,0.4565,55.35
car_flag,cgf,5,340000,0.418,59.2
car_flag,cgf,5,360000,0.3954999999999999,61.45
car_flag,cgf,5,380000,0.4745000000000001,53.55
car_flag,cgf,5,400000,0.434,57.6
car_flag,cgf,5,420000,0.433,57.7
car_flag,cgf,5,440000,0.40800000000000003,60.2
car_flag,cgf,5,460000,0.45200000000000007,55.8
car_flag,cgf,5,480000,0.4295,58.05
car_flag,cgf,5,500000,0.3875,62.25
car_flag,cgf,5,520000,0.4919999999999999,51.8
car_flag,cgf,5,540000,0.38299999999999995,62.7
car_flag,cgf,5,560000,0.398,61.2
car_flag,cgf,5,580000,0.3620000000000001,64.8
car_flag,cgf,5,600000,0.41200000000000003,59.8
car_flag,cgf,5,620000,0.4415,56.85
car_flag,cgf,5,640000,0.513,49.7
car_flag,cgf,5,660000,0.4065,60.35
car_flag,cgf,5,680000,0.45150000000000007,55.85
car_flag,cgf,5,700000,0.396,61.4
car_flag,cgf,5,720000,0.41100000000000003,59.9
car_flag,cgf,5,740000,0.36100000000000004,64.9
car_flag,cgf,5,760000,0.40199999999999997,60.8
car_flag,cgf,5,780000,0.45,56.0
car_flag,cgf,5,800000,0.3435,66.65
car_flag,cgf,5,820000,0.442,56.8
car_flag,cgf,5,840000,0.46499999999999997,54.5
car_flag,cgf,5,860000,0.3315,67.85
car_flag,cgf,5,880000,0.45599999999999996,55.4
car_flag,cgf,5,900000,0.43550000000000005,57.45
car_flag,cgf,5,920000,0.385,62.5
car_flag,cgf,5,940000,0.4680000000000001,54.2
car_flag,cgf,5,960000,0.40549999999999997,60.45
car_flag,cgf,5,980000,0.4405,56.95
car_flag,cgf,5,1000000,0.42349999999999993,58.65
car_flag,cgf,6,20000,-0.6535,120.9
car_flag,cgf,6,40000,0.053000000000000005,95.7
car_flag,cgf,6,60000,0.398,61.2
car_flag,cgf,6,80000,0.359,65.1
car_flag,cgf,6,100000,0.3229999999999999,68.7
car_flag,cgf,6,120000,0.43200000000000005,57.8
car_flag,cgf,6,140000,0.37649999999999995,63.35
car_flag,cgf,6,160000,0.38299999999999995,62.7
car_flag,cgf,6,180000,0.364,64.6
car_flag,cgf,6,200000,0.41150000000000003,59.85
car_flag,cgf,6,220000,0.4535,55.65
car_flag,cgf,6,240000,0.39799999999999996,61.2
car_flag,cgf,6,260000,0.5175,49.25
car_flag,cgf,6,280000,0.39499999999999996,61.5
car_flag,cgf,6,300000,0.3175,69.25
car_flag,cgf,6,320000,0.402,60.8
car_flag,cgf,6,340000,0.49850000000000005,51.15
car_flag,cgf,6,360000,0.4225,58.75
car_flag,cgf,6,380000,0.34299999999999997,66.7
car_flag,cgf,6,400000,0.32799999999999996,68.2
car_flag,cgf,6,420000,0.4835000000000001,52.65
car_flag,cgf,6,440000,0.41,60.0
car_flag,cgf,6,460000,0.4499999999999999,56.0
car_flag,cgf,6,480000,0.37750000000000006,63.25
car_flag,cgf,6,500000,0.36150000000000004,64.85
car_flag,cgf,6,520000,0.457,55.3
car_flag,cgf,6,540000,0.43400000000000005,57.6
car_flag,cgf,6,560000,0.28800000000000003,72.2
car_flag,cgf,6,580000,0.4245,58.55
car_flag,cgf,6,600000,0.3735,63.65
car_flag,cgf,6,620000,0.4095000000000001,60.05
car_flag,cgf,6,640000,0.543,46.7
car_flag,cgf,6,660000,0.5155,49.45
car_flag,cgf,6,680000,0.3445,66.55
car_flag,cgf,6,700000,0.434,57.6
car_flag,cgf,6,720000,0.37849999999999995,63.15
car_flag,cgf,6,740000,0.44699999999999995,56.3
car_flag,cgf,6,760000,0.4495,56.05
car_flag,cgf,6,780000,0.44800000000000006,56.2
car_flag,cgf,6,800000,0.4585,55.15
car_flag,cgf,6,820000,0.3715,63.85
car_flag,cgf,6,840000,0.39849999999999997,61.15
car_flag,cgf,6,860000,0.4205,58.95
car_flag,cgf,6,880000,0.4450000000000001,56.5
car_flag,cgf,6,900000,0.3835,62.65
car_flag,cgf,6,920000,0.47300000000000003,53.7
car_flag,cgf,6,940000,0.4225,58.75
car_flag,cgf,6,960000,0.364,64.6
car_flag,cgf,6,980000,0.5030000000000001,50.7
car_flag,cgf,6,1000000,0.28400000000000003,72.6
car_flag,cgf,7,20000,-0.76,126.5
car_flag,cgf,7,40000,0.11349999999999998,89.65
car_flag,cgf,7,60000,0.31300000000000006,69.7
car_flag,cgf,7,80000,0.44699999999999995,56.3
car_flag,cgf,7,100000,0.3999999999999999,61.0
car_flag,cgf,7,120000,0.364,64.6
car_flag,cgf,7,140000,0.389,62.1
car_flag,cgf,7,160000,0.43550000000000005,57.45
car_flag,cgf,7,180000,0.3465,66.35
car_flag,cgf,7,200000,0.374,63.6
car_flag,cgf,7,220000,0.38899999999999996,62.1
car_flag,cgf,7,240000,0.39300000000000007,61.7
car_flag,cgf,7,260000,0.45499999999999996,55.5
car_flag,cgf,7,280000,0.39849999999999997,61.15
car_flag,cgf,7,300000,0.36350000000000005,64.65
car_flag,cgf,7,320000,0.318,69.2
car_flag,cgf,7,340000,0.454,55.6
car_flag,cgf,7,360000,0.358,65.2
car_flag,cgf,7,380000,0.4385,57.15
car_flag,cgf,7,400000,0.47450000000000003,53.55
car_flag,cgf,7,420000,0.45200000000000007,55.8
car_flag,cgf,7,440000,0.4269999999999999,58.3
car_flag,cgf,7,460000,0.4055000000000001,60.45
car_flag,cgf,7,480000,0.3205,68.95
car_flag,cgf,7,500000,0.4375,57.25
car_flag,cgf,7,520000,0.4779999999999999,53.2
car_flag,cgf,7,540000,0.378,63.2
car_flag,cgf,7,560000,0.4010000000000001,60.9
car_flag,cgf,7,580000,0.48699999999999993,52.3
car_flag,cgf,7,600000,0.30650000000000005,70.35
car_flag,cgf,7,620000,0.381,62.9
car_flag,cgf,7,640000,0.38350000000000006,62.65
car_flag,cgf,7,660000,0.29050000000000004,71.95
car_flag,cgf,7,680000,0.4445,56.55
car_flag,cgf,7,700000,0.32,69.0
car_flag,cgf,7,720000,0.445,56.5
car_flag,cgf,7,740000,0.48450000000000004,52.55
car_flag,cgf,7,760000,0.44399999999999995,56.6
car_flag,cgf,7,780000,0.388,62.2
car_flag,cgf,7,800000,0.353,65.7
car_flag,cgf,7,820000,0.36749999999999994,64.25
car_flag,cgf,7,840000,0.454,55.6
car_flag,cgf,7,860000,0.37,64.0
car_flag,cgf,7,880000,0.43000000000000005,58.0
car_flag,cgf,7,900000,0.4605,54.95
car_flag,cgf,7,920000,0.38900000000000007,62.1
car_flag,cgf,7,940000,0.41899999999999993,59.1
car_flag,cgf,7,960000,0.381,62.9
car_flag,cgf,7,980000,0.40199999999999997,60.8
car_flag,cgf,7,1000000,0.44899999999999995,56.1
car_flag,cgf,8,20000,-0.5795,88.95
car_flag,cgf,8,40000,-0.55,56.0
car_flag,cgf,8,60000,-0.6309999999999999,44.1
car_flag,cgf,8,80000,-0.417,42.7
car_flag,cgf,8,100000,-0.28650000000000003,39.65
car_flag,cgf,8,120000,-0.8805,39.05
car_flag,cgf,8,140000,-0.39649999999999996,40.65
car_flag,cgf,8,160000,-0.4939999999999999,40.4
car_flag,cgf,8,180000,-0.982,39.2
car_flag,cgf,8,200000,-0.6735,38.35
car_flag,cgf,8,220000,-0.46849999999999997,37.85
car_flag,cgf,8,240000,-0.475,38.5
car_flag,cgf,8,260000,-0.27649999999999997,38.65
car_flag,cgf,8,280000,-0.37150000000000005,38.15
car_flag,cgf,8,300000,-0.5704999999999999,38.05
car_flag,cgf,8,320000,-0.362,37.2
car_flag,cgf,8,340000,-0.07700000000000003,38.7
car_flag,cgf,8,360000,-0.576,38.6
car_flag,cgf,8,380000,-0.3725,38.25
car_flag,cgf,8,400000,-0.37150000000000005,38.15
car_flag,cgf,8,420000,-0.3730000000000001,38.3
car_flag,cgf,8,440000,-0.07649999999999998,38.65
car_flag,cgf,8,460000,-0.4704999999999999,38.05
car_flag,cgf,8,480000,-0.4685,37.85
car_flag,cgf,8,500000,-0.27049999999999996,38.05
car_flag,cgf,8,520000,-0.07600000000000001,38.6
car_flag,cgf,8,540000,-0.2645,37.45
car_flag,cgf,8,560000,0.0425,36.75
car_flag,cgf,8,580000,-0.9714999999999998,38.15
car_flag,cgf,8,600000,-0.5599999999999999,37.0
car_flag,cgf,8,620000,0.0405,36.95
car_flag,cgf,8,640000,-0.26050000000000006,37.05
car_flag,cgf,8,660000,-0.157,36.7
car_flag,cgf,8,680000,-0.25699999999999995,36.7
car_flag,cgf,8,700000,-0.352,36.2
car_flag,cgf,8,720000,-0.45600000000000007,36.6
car_flag,cgf,8,740000,-0.258,36.8
car_flag,cgf,8,760000,-0.5509999999999999,36.1
car_flag,cgf,8,780000,-0.255,36.5
car_flag,cgf,8,800000,-0.45249999999999996,36.25
car_flag,cgf,8,820000,-0.7550000000000001,36.5
car_flag,cgf,8,840000,-0.359,36.9
car_flag,cgf,8,860000,-0.15999999999999998,37.0
car_flag,cgf,8,880000,-0.46499999999999997,37.5
car_flag,cgf,8,900000,-0.35500000000000004,36.5
car_flag,cgf,8,920000,0.04300000000000001,36.7
car_flag,cgf,8,940000,-0.4535,36.35
car_flag,cgf,8,960000,-0.4600000000000001,37.0
car_flag,cgf,8,980000,-0.45149999999999996,36.15
car_flag,cgf,8,1000000,-0.751,36.1
car_flag,cgf,9,20000,-1.0804999999999998,99.05
car_flag,cgf,9,40000,-0.307,61.7
car_flag,cgf,9,60000,-0.492,50.2
car_flag,cgf,9,80000,-0.03499999999999997,44.5
car_flag,cgf,9,100000,-0.1955,40.55
car_flag,cgf,9,120000,-0.7955,40.55
car_flag,cgf,9,140000,-0.5810000000000001,39.1
car_flag,cgf,9,160000,-0.3745,38.45
car_flag,cgf,9,180000,-0.457,36.7
car_flag,cgf,9,200000,-0.36350000000000005,37.35
car_flag,cgf,9,220000,-0.25349999999999995,36.35
car_flag,cgf,9,240000,-0.3695,37.95
car_flag,cgf,9,260000,-0.666,37.6
car_flag,cgf,9,280000,-0.4525,36.25
car_flag,cgf,9,300000,-0.4645,37.45
car_flag,cgf,9,320000,-0.155,36.5
car_flag,cgf,9,340000,-0.8650000000000002,37.5
car_flag,cgf,9,360000,-0.36400000000000005,37.4
car_flag,cgf,9,380000,-0.265,37.5
car_flag,cgf,9,400000,-0.47199999999999986,38.2
car_flag,cgf,9,420000,-0.3685,37.85
car_flag,cgf,9,440000,-0.26149999999999995,37.15
car_flag,cgf,9,460000,-0.7705,38.05
car_flag,cgf,9,480000,-0.2655,37.55
car_flag,cgf,9,500000,-0.36550000000000005,37.55
car_flag,cgf,9,520000,-0.47700000000000004,38.7
car_flag,cgf,9,540000,-0.472,38.2
car_flag,cgf,9,560000,-0.568,37.8
car_flag,cgf,9,580000,-0.06499999999999999,37.5
car_flag,cgf,9,600000,-0.2605,37.05
car_flag,cgf,9,620000,-0.27099999999999996,38.1
car_flag,cgf,9,640000,-0.46799999999999997,37.8
car_flag,cgf,9,660000,-0.06449999999999997,37.45
car_flag,cgf,9,680000,-0.36,37.0
car_flag,cgf,9,700000,-0.6609999999999999,37.1
car_flag,cgf,9,720000,-0.36150000000000004,37.15
car_flag,cgf,9,740000,-0.2665,37.65
car_flag,cgf,9,760000,-0.258,36.8
car_flag,cgf,9,780000,-0.46399999999999997,37.4
car_flag,cgf,9,800000,-0.15849999999999997,36.85
car_flag,cgf,9,820000,-0.8630000000000001,37.3
car_flag,cgf,9,840000,-0.1650000000000001,37.5
car_flag,cgf,9,860000,-0.261,37.1
car_flag,cgf,9,880000,-0.5654999999999999,37.55
car_flag,cgf,9,900000,-0.4589999999999999,36.9
car_flag,cgf,9,920000,-0.7609999999999999,37.1
car_flag,cgf,9,940000,-0.462,37.2
car_flag,cgf,9,960000,-0.46799999999999986,37.8
car_flag,cgf,9,980000,-0.45899999999999996,36.9
car_flag,cgf,9,1000000,-0.36300000000000004,37.3
car_flag,gaussian,0,20000,-1.6000000000000003,160.0
car_flag,gaussian,0,40000,-1.5330000000000004,158.35
car_flag,gaussian,0,60000,-0.2965,70.65
car_flag,gaussian,0,80000,0.07250000000000002,63.75
car_flag,gaussian,0,100000,0.11000000000000001,50.0
car_flag,gaussian,0,120000,-0.06599999999999999,47.6
car_flag,gaussian,0,140000,0.37500000000000006,53.5
car_flag,gaussian,0,160000,0.0925,51.75
car_flag,gaussian,0,180000,0.251,45.9
car_flag,gaussian,0,200000,-0.1285,53.85
car_flag,gaussian,0,220000,0.385,52.5
car_flag,gaussian,0,240000,0.18400000000000002,42.6
car_flag,gaussian,0,260000,0.326,58.4
car_flag,gaussian,0,280000,0.15899999999999997,55.1
car_flag,gaussian,0,300000,0.21600000000000003,59.4
car_flag,gaussian,0,320000,0.21950000000000003,59.05
car_flag,gaussian,0,340000,0.329,58.1
car_flag,gaussian,0,360000,0.20800000000000002,60.2
car_flag,gaussian,0,380000,0.3565,55.35
car_flag,gaussian,0,400000,0.026000000000000023,58.4
car_flag,gaussian,0,420000,0.4535,55.65
car_flag,gaussian,0,440000,-0.07649999999999998,58.65
car_flag,gaussian,0,460000,0.123,58.7
car_flag,gaussian,0,480000,0.3775,63.25
car_flag,gaussian,0,500000,0.3795,63.05
car_flag,gaussian,0,520000,0.31149999999999994,59.85
car_flag,gaussian,0,540000,0.4875,52.25
car_flag,gaussian,0,560000,0.22400000000000003,58.6
car_flag,gaussian,0,580000,0.22649999999999998,58.35
car_flag,gaussian,0,600000,0.33899999999999997,67.1
car_flag,gaussian,0,620000,0.4425,56.75
car_flag,gaussian,0,640000,0.4029999999999999,60.7
car_flag,gaussian,0,660000,0.4425,56.75
car_flag,gaussian,0,680000,0.3195,69.05
car_flag,gaussian,0,700000,0.29599999999999993,71.4
car_flag,gaussian,0,720000,0.337,67.3
car_flag,gaussian,0,740000,0.321,68.9
car_flag,gaussian,0,760000,0.44699999999999995,56.3
car_flag,gaussian,0,780000,0.39,62.0
car_flag,gaussian,0,800000,0.4565,55.35
car_flag,gaussian,0,820000,0.41000000000000003,60.0
car_flag,gaussian,0,840000,0.40099999999999997,60.9
car_flag,gaussian,0,860000,0.4654999999999999,54.45
car_flag,gaussian,0,880000,0.4045000000000001,60.55
car_flag,gaussian,0,900000,0.36049999999999993,64.95
car_flag,gaussian,0,920000,0.3375,67.25
car_flag,gaussian,0,940000,0.36,65.0
car_flag,gaussian,0,960000,0.3285,68.15
car_flag,gaussian,0,980000,0.4425,56.75
car_flag,gaussian,0,1000000,0.4800000000000001,53.0
car_flag,gaussian,1,20000,-1.2990000000000002,155.15
car_flag,gaussian,1,40000,0.1325,87.75
car_flag,gaussian,1,60000,0.36450000000000005,64.55
car_flag,gaussian,1,80000,0.4385,57.15
car_flag,gaussian,1,100000,0.40149999999999997,60.85
car_flag,gaussian,1,120000,0.40049999999999997,60.95
car_flag,gaussian,1,140000,0.393,61.7
car_flag,gaussian,1,160000,0.357,65.3
car_flag,gaussian,1,180000,0.379,63.1
car_flag,gaussian,1,200000,0.491,51.9
car_flag,gaussian,1,220000,0.4255,58.45
car_flag,gaussian,1,240000,0.4114999999999999,59.85
car_flag,gaussian,1,260000,0.4445,56.55
car_flag,gaussian,1,280000,0.383,62.7
car_flag,gaussian,1,300000,0.46849999999999997,54.15
car_flag,gaussian,1,320000,0.409,60.1
car_flag,gaussian,1,340000,0.375,63.5
car_flag,gaussian,1,360000,0.44049999999999995,56.95
car_flag,gaussian,1,380000,0.383,62.7
car_flag,gaussian,1,400000,0.418,59.2
car_flag,gaussian,1,420000,0.4445,56.55
car_flag,gaussian,1,440000,0.387,62.3
car_flag,gaussian,1,460000,0.4105,59.95
car_flag,gaussian,1,480000,0.3855,62.45
car_flag,gaussian,1,500000,0.4595000000000001,55.05
car_flag,gaussian,1,520000,0.417,59.3
car_flag,gaussian,1,540000,0.44299999999999995,56.7
car_flag,gaussian,1,560000,0.48650000000000004,52.35
car_flag,gaussian,1,580000,0.3915,61.85
car_flag,gaussian,1,600000,0.449,56.1
car_flag,gaussian,1,620000,0.3969999999999999,61.3
car_flag,gaussian,1,640000,0.38049999999999995,62.95
car_flag,gaussian,1,660000,0.366,64.4
car_flag,gaussian,1,680000,0.40449999999999997,60.55
car_flag,gaussian,1,700000,0.43949999999999995,57.05
car_flag,gaussian,1,720000,0.3625,64.75
car_flag,gaussian,1,740000,0.3995,61.05
car_flag,gaussian,1,760000,0.4594999999999999,55.05
car_flag,gaussian,1,780000,0.40149999999999997,60.85
car_flag,gaussian,1,800000,0.4539999999999999,55.6
car_flag,gaussian,1,820000,0.43899999999999995,57.1
car_flag,gaussian,1,840000,0.48299999999999993,52.7
car_flag,gaussian,1,860000,0.42300000000000004,58.7
car_flag,gaussian,1,880000,0.4455,56.45
car_flag,gaussian,1,900000,0.40549999999999997,60.45
car_flag,gaussian,1,920000,0.368,64.2
car_flag,gaussian,1,940000,0.44849999999999995,56.15
car_flag,gaussian,1,960000,0.4565,55.35
car_flag,gaussian,1,980000,0.42300000000000004,58.7
car_flag,gaussian,1,1000000,0.4765,53.35
car_flag,gaussian,2,20000,-1.3030000000000002,150.5
car_flag,gaussian,2,40000,-0.45649999999999996,96.65
car_flag,gaussian,2,60000,-0.3895,59.95
car_flag,gaussian,2,80000,0.2839999999999999,52.6
car_flag,gaussian,2,100000,0.08500000000000003,52.5
car_flag,gaussian,2,120000,0.26,55.0
car_flag,gaussian,2,140000,0.3625,54.75
car_flag,gaussian,2,160000,0.29900000000000004,51.1
car_flag,gaussian,2,180000,0.21049999999999996,59.95
car_flag,gaussian,2,200000,0.41999999999999993,49.0
car_flag,gaussian,2,220000,0.36950000000000005,54.05
car_flag,gaussian,2,240000,0.33699999999999997,57.3
car_flag,gaussian,2,260000,0.32900000000000007,58.1
car_flag,gaussian,2,280000,0.42000000000000004,59.0
car_flag,gaussian,2,300000,0.25650000000000006,65.35
car_flag,gaussian,2,320000,0.24899999999999997,66.1
car_flag,gaussian,2,340000,0.403,60.7
car_flag,gaussian,2,360000,0.2975,71.25
car_flag,gaussian,2,380000,0.4385,57.15
car_flag,gaussian,2,400000,0.39299999999999996,61.7
car_flag,gaussian,2,420000,0.40149999999999997,60.85
car_flag,gaussian,2,440000,0.40249999999999997,60.75
car_flag,gaussian,2,460000,0.438,57.2
car_flag,gaussian,2,480000,0.38700000000000007,62.3
car_flag,gaussian,2,500000,0.38950000000000007,62.05
car_flag,gaussian,2,520000,0.4654999999999999,54.45
car_flag,gaussian,2,540000,0.43000000000000005,58.0
car_flag,gaussian,2,560000,0.45,56.0
car_flag,gaussian,2,580000,0.4010000000000001,60.9
car_flag,gaussian,2,600000,0.4680000000000001,54.2
car_flag,gaussian,2,620000,0.5135,49.65
car_flag,gaussian,2,640000,0.385,62.5
car_flag,gaussian,2,660000,0.43549999999999994,57.45
car_flag,gaussian,2,680000,0.3505,65.95
car_flag,gaussian,2,700000,0.364,64.6
car_flag,gaussian,2,720000,0.346,66.4
car_flag,gaussian,2,740000,0.49750000000000005,51.25
car_flag,gaussian,2,760000,0.3915,61.85
car_flag,gaussian,2,780000,0.387,62.3
car_flag,gaussian,2,800000,0.40549999999999997,60.45
car_flag,gaussian,2,820000,0.40650000000000003,60.35
car_flag,gaussian,2,840000,0.403,60.7
car_flag,gaussian,2,860000,0.39049999999999996,61.95
car_flag,gaussian,2,880000,0.36300000000000004,64.7
car_flag,gaussian,2,900000,0.3175,69.25
car_flag,gaussian,2,920000,0.3015,70.85
car_flag,gaussian,2,940000,0.39499999999999996,61.5
car_flag,gaussian,2,960000,0.36150000000000004,64.85
car_flag,gaussian,2,980000,0.49000000000000005,52.0
car_flag,gaussian,2,1000000,0.5075000000000001,50.25
car_flag,gaussian,3,20000,-0.718,92.8
car_flag,gaussian,3,40000,-0.545,65.5
car_flag,gaussian,3,60000,-0.6695,47.95
car_flag,gaussian,3,80000,-0.717,42.7
car_flag,gaussian,3,100000,-0.301,41.1
car_flag,gaussian,3,120000,-0.19599999999999995,40.6
car_flag,gaussian,3,140000,-0.372,38.2
car_flag,gaussian,3,160000,-0.17049999999999998,38.05
car_flag,gaussian,3,180000,-0.1665,37.65
car_flag,gaussian,3,200000,-0.47000000000000003,38.0
car_flag,gaussian,3,220000,-0.375,38.5
car_flag,gaussian,3,240000,-0.5660000000000001,37.6
car_flag,gaussian,3,260000,-0.4685,37.85
car_flag,gaussian,3,280000,-0.16799999999999998,37.8
car_flag,gaussian,3,300000,-0.17049999999999996,38.05
car_flag,gaussian,3,320000,-0.4655,37.55
car_flag,gaussian,3,340000,-0.7710000000000001,38.1
car_flag,gaussian,3,360000,-0.15950000000000003,36.95
car_flag,gaussian,3,380000,0.030500000000000017,37.95
car_flag,gaussian,3,400000,-0.075,38.5
car_flag,gaussian,3,420000,-0.269,37.9
car_flag,gaussian,3,440000,-0.2695,37.95
car_flag,gaussian,3,460000,-0.4624999999999999,37.25
car_flag,gaussian,3,480000,0.03450000000000001,37.55
car_flag,gaussian,3,500000,-0.1769999999999999,38.7
car_flag,gaussian,3,520000,-0.6725,38.25
car_flag,gaussian,3,540000,-0.47350000000000003,38.35
car_flag,gaussian,3,560000,-0.4755,38.55
car_flag,gaussian,3,580000,-0.8634999999999999,37.35
car_flag,gaussian,3,600000,-0.5655,37.55
car_flag,gaussian,3,620000,-0.567,37.7
car_flag,gaussian,3,640000,-0.37349999999999994,38.35
car_flag,gaussian,3,660000,-0.7685000000000001,37.85
car_flag,gaussian,3,680000,-0.567,37.7
car_flag,gaussian,3,700000,-0.06599999999999999,37.6
car_flag,gaussian,3,720000,-0.15700000000000003,36.7
car_flag,gaussian,3,740000,-0.06750000000000003,37.75
car_flag,gaussian,3,760000,0.3355,37.45
car_flag,gaussian,3,780000,0.04100000000000002,36.9
car_flag,gaussian,3,800000,-0.36500000000000005,37.5
car_flag,gaussian,3,820000,-0.261,37.1
car_flag,gaussian,3,840000,-0.362,37.2
car_flag,gaussian,3,860000,-0.4675000000000001,37.75
car_flag,gaussian,3,880000,-0.361,37.1
car_flag,gaussian,3,900000,-0.4685,37.85
car_flag,gaussian,3,920000,-0.465,37.5
car_flag,gaussian,3,940000,-0.265,37.5
car_flag,gaussian,3,960000,-0.561,37.1
car_flag,gaussian,3,980000,-0.26850000000000007,37.85
car_flag,gaussian,3,1000000,-0.26200000000000007,37.2
car_flag,gaussian,4,20000,-1.1445000000000003,85.45
car_flag,gaussian,4,40000,-0.4135000000000001,62.35
car_flag,gaussian,4,60000,-0.851,46.1
car_flag,gaussian,4,80000,-0.615,42.5
car_flag,gaussian,4,100000,-0.6785,38.85
car_flag,gaussian,4,120000,-0.7699999999999998,38.0
car_flag,gaussian,4,140000,-0.3785,38.85
car_flag,gaussian,4,160000,-0.766,37.6
car_flag,gaussian,4,180000,-0.16750000000000004,37.75
car_flag,gaussian,4,200000,-0.6679999999999999,37.8
car_flag,gaussian,4,220000,0.033999999999999954,37.6
car_flag,gaussian,4,240000,-0.361,37.1
car_flag,gaussian,4,260000,-0.667,37.7
car_flag,gaussian,4,280000,-0.368,37.8
car_flag,gaussian,4,300000,-0.3555,36.55
car_flag,gaussian,4,320000,-0.3555000000000001,36.55
car_flag,gaussian,4,340000,-0.5645,37.45
car_flag,gaussian,4,360000,-0.0595,36.95
car_flag,gaussian,4,380000,-0.664,37.4
car_flag,gaussian,4,400000,-0.15450000000000003,36.45
car_flag,gaussian,4,420000,-0.16450000000000004,37.45
car_flag,gaussian,4,440000,-0.569,37.9
car_flag,gaussian,4,460000,-0.0705,38.05
car_flag,gaussian,4,480000,-0.5734999999999999,38.35
car_flag,gaussian,4,500000,-0.8730000000000002,38.3
car_flag,gaussian,4,520000,-0.5635000000000001,37.35
car_flag,gaussian,4,540000,-0.16749999999999995,37.75
car_flag,gaussian,4,560000,-0.26800000000000007,37.8
car_flag,gaussian,4,580000,-0.06800000000000002,37.8
car_flag,gaussian,4,600000,-0.0605,37.05
car_flag,gaussian,4,620000,-0.45999999999999996,37.0
car_flag,gaussian,4,640000,0.12999999999999998,38.0
car_flag,gaussian,4,660000,-0.16999999999999998,38.0
car_flag,gaussian,4,680000,-0.26649999999999996,37.65
car_flag,gaussian,4,700000,-0.36849999999999994,37.85
car_flag,gaussian,4,720000,-0.06300000000000003,37.3
car_flag,gaussian,4,740000,-0.5755,38.55
car_flag,gaussian,4,760000,-0.46349999999999997,37.35
car_flag,gaussian,4,780000,-0.07249999999999998,38.25
car_flag,gaussian,4,800000,-0.372,38.2
car_flag,gaussian,4,820000,-0.4625,37.25
car_flag,gaussian,4,840000,-0.5704999999999999,38.05
car_flag,gaussian,4,860000,-0.46349999999999997,37.35
car_flag,gaussian,4,880000,-0.3649999999999999,37.5
car_flag,gaussian,4,900000,-0.764,37.4
car_flag,gaussian,4,920000,-0.26050000000000006,37.05
car_flag,gaussian,4,940000,-0.363,37.3
car_flag,gaussian,4,960000,-0.4590000000000001,36.9
car_flag,gaussian,4,980000,-0.26699999999999996,37.7
car_flag,gaussian,4,1000000,-0.6519999999999999,36.2
car_flag,gaussian,5,20000,-0.64,134.7
car_flag,gaussian,5,40000,-0.2985000000000001,105.8
car_flag,gaussian,5,60000,0.13200000000000003,67.8
car_flag,gaussian,5,80000,0.3954999999999999,61.45
car_flag,gaussian,5,100000,0.524,48.6
car_flag,gaussian,5,120000,0.4109999999999999,59.9
car_flag,gaussian,5,140000,0.44349999999999995,56.65
car_flag,gaussian,5,160000,0.33449999999999996,67.55
car_flag,gaussian,5,180000,0.3465,66.35
car_flag,gaussian,5,200000,0.3995000000000001,61.05
car_flag,gaussian,5,220000,0.45200000000000007,55.8
car_flag,gaussian,5,240000,0.336,67.4
car_flag,gaussian,5,260000,0.3475,66.25
car_flag,gaussian,5,280000,0.34900000000000003,66.1
car_flag,gaussian,5,300000,0.34450000000000003,66.55
car_flag,gaussian,5,320000,0.4615,54.85
car_flag,gaussian,5,340000,0.4175000000000001,59.25
car_flag,gaussian,5,360000,0.38,63.0
car_flag,gaussian,5,380000,0.49000000000000005,52.0
car_flag,gaussian,5,400000,0.43200000000000005,57.8
car_flag,gaussian,5,420000,0.4325,57.75
car_flag,gaussian,5,440000,0.39049999999999996,61.95
car_flag,gaussian,5,460000,0.45150000000000007,55.85
car_flag,gaussian,5,480000,0.42299999999999993,58.7
car_flag,gaussian,5,500000,0.3585,65.15
car_flag,gaussian,5,520000,0.5229999999999999,48.7
car_flag,gaussian,5,540000,0.34900000000000003,66.1
car_flag,gaussian,5,560000,0.373,63.7
car_flag,gaussian,5,580000,0.3125,69.75
car_flag,gaussian,5,600000,0.39249999999999996,61.75
car_flag,gaussian,5,620000,0.4375000000000001,57.25
car_flag,gaussian,5,640000,0.54,47.0
car_flag,gaussian,5,660000,0.3935,61.65
car_flag,gaussian,5,680000,0.472,53.8
car_flag,gaussian,5,700000,0.37,64.0
car_flag,gaussian,5,720000,0.38999999999999996,62.0
car_flag,gaussian,5,740000,0.3145,69.55
car_flag,gaussian,5,760000,0.38449999999999995,62.55
car_flag,gaussian,5,780000,0.46049999999999996,54.95
car_flag,gaussian,5,800000,0.297,71.3
car_flag,gaussian,5,820000,0.4415,56.85
car_flag,gaussian,5,840000,0.471,53.9
car_flag,gaussian,5,860000,0.275,73.5
car_flag,gaussian,5,880000,0.45750000000000013,55.25
car_flag,gaussian,5,900000,0.425,58.5
car_flag,gaussian,5,920000,0.35700000000000004,65.3
car_flag,gaussian,5,940000,0.4715,53.85
car_flag,gaussian,5,960000,0.3885,62.15
car_flag,gaussian,5,980000,0.43550000000000005,57.45
car_flag,gaussian,5,1000000,0.40549999999999997,60.45
car_flag,gaussian,6,20000,-0.6705000000000001,122.6
car_flag,gaussian,6,40000,0.05450000000000001,95.55
car_flag,gaussian,6,60000,0.3430000000000001,66.7
car_flag,gaussian,6,80000,0.32799999999999996,68.2
car_flag,gaussian,6,100000,0.3115,69.85
car_flag,gaussian,6,120000,0.4085,60.15
car_flag,gaussian,6,140000,0.3685,64.15
car_flag,gaussian,6,160000,0.3835,62.65
car_flag,gaussian,6,180000,0.3665,64.35
car_flag,gaussian,6,200000,0.403,60.7
car_flag,gaussian,6,220000,0.4535,55.65
car_flag,gaussian,6,240000,0.4035,60.65
car_flag,gaussian,6,260000,0.514,49.6
car_flag,gaussian,6,280000,0.3925,61.75
car_flag,gaussian,6,300000,0.3175,69.25
car_flag,gaussian,6,320000,0.4025,60.75
car_flag,gaussian,6,340000,0.4965,51.35
car_flag,gaussian,6,360000,0.4245,58.55
car_flag,gaussian,6,380000,0.33449999999999996,67.55
car_flag,gaussian,6,400000,0.32599999999999996,68.4
car_flag,gaussian,6,420000,0.48550000000000004,52.45
car_flag,gaussian,6,440000,0.39899999999999997,61.1
car_flag,gaussian,6,460000,0.4455,56.45
car_flag,gaussian,6,480000,0.37300000000000005,63.7
car_flag,gaussian,6,500000,0.3565,65.35
car_flag,gaussian,6,520000,0.45499999999999996,55.5
car_flag,gaussian,6,540000,0.43200000000000005,57.8
car_flag,gaussian,6,560000,0.288,72.2
car_flag,gaussian,6,580000,0.4255,58.45
car_flag,gaussian,6,600000,0.3795,63.05
car_flag,gaussian,6,620000,0.4085,60.15
car_flag,gaussian,6,640000,0.5349999999999999,47.5
car_flag,gaussian,6,660000,0.506,50.4
car_flag,gaussian,6,680000,0.34550000000000003,66.45
car_flag,gaussian,6,700000,0.4305,57.95
car_flag,gaussian,6,720000,0.38,63.0
car_flag,gaussian,6,740000,0.442,56.8
car_flag,gaussian,6,760000,0.44400000000000006,56.6
car_flag,gaussian,6,780000,0.44049999999999995,56.95
car_flag,gaussian,6,800000,0.454,55.6
car_flag,gaussian,6,820000,0.372,63.8
car_flag,gaussian,6,840000,0.402,60.8
car_flag,gaussian,6,860000,0.4175000000000001,59.25
car_flag,gaussian,6,880000,0.44350000000000006,56.65
car_flag,gaussian,6,900000,0.384,62.6
car_flag,gaussian,6,920000,0.4715,53.85
car_flag,gaussian,6,940000,0.425,58.5
car_flag,gaussian,6,960000,0.3695,64.05
car_flag,gaussian,6,980000,0.5029999999999999,50.7
car_flag,gaussian,6,1000000,0.2875,72.25
car_flag,gaussian,7,20000,-0.923,93.3
car_flag,gaussian,7,40000,-0.5449999999999999,65.5
car_flag,gaussian,7,60000,-0.28250000000000003,49.25
car_flag,gaussian,7,80000,-0.726,43.6
car_flag,gaussian,7,100000,-0.29999999999999993,41.0
car_flag,gaussian,7,120000,-0.19399999999999992,40.4
car_flag,gaussian,7,140000,-0.27799999999999997,38.8
car_flag,gaussian,7,160000,-0.571,38.1
car_flag,gaussian,7,180000,0.01150000000000002,39.85
car_flag,gaussian,7,200000,-0.187,39.7
car_flag,gaussian,7,220000,-0.277,38.7
car_flag,gaussian,7,240000,-0.38,39.0
car_flag,gaussian,7,260000,-0.5880000000000001,39.8
car_flag,gaussian,7,280000,-0.3909999999999999,40.1
car_flag,gaussian,7,300000,-0.1879999999999999,39.8
car_flag,gaussian,7,320000,0.01600000000000002,39.4
car_flag,gaussian,7,340000,-0.5840000000000001,39.4
car_flag,gaussian,7,360000,-0.09449999999999999,40.45
car_flag,gaussian,7,380000,-0.5879999999999999,39.8
car_flag,gaussian,7,400000,-0.6855,39.55
car_flag,gaussian,7,420000,-0.39049999999999996,40.05
car_flag,gaussian,7,440000,-0.47250000000000003,38.25
car_flag,gaussian,7,460000,-0.3685,37.85
car_flag,gaussian,7,480000,0.027999999999999987,38.2
car_flag,gaussian,7,500000,-0.4725,38.25
car_flag,gaussian,7,520000,-0.665,37.5
car_flag,gaussian,7,540000,-0.264,37.4
car_flag,gaussian,7,560000,-0.3665,37.65
car_flag,gaussian,7,580000,-0.7645,37.45
car_flag,gaussian,7,600000,-0.05800000000000003,36.8
car_flag,gaussian,7,620000,-0.26749999999999996,37.75
car_flag,gaussian,7,640000,-0.273,38.3
car_flag,gaussian,7,660000,0.028499999999999998,38.15
car_flag,gaussian,7,680000,-0.5805,39.05
car_flag,gaussian,7,700000,-0.07450000000000004,38.45
car_flag,gaussian,7,720000,-0.47750000000000004,38.75
car_flag,gaussian,7,740000,-0.7735000000000001,38.35
car_flag,gaussian,7,760000,-0.384,39.4
car_flag,gaussian,7,780000,-0.36900000000000005,37.9
car_flag,gaussian,7,800000,-0.07400000000000001,38.4
car_flag,gaussian,7,820000,-0.17149999999999999,38.15
car_flag,gaussian,7,840000,-0.4835000000000001,39.35
car_flag,gaussian,7,860000,-0.27,38.0
car_flag,gaussian,7,880000,-0.4805,39.05
car_flag,gaussian,7,900000,-0.6805000000000001,39.05
car_flag,gaussian,7,920000,-0.37450000000000006,38.45
car_flag,gaussian,7,940000,-0.3795,38.95
car_flag,gaussian,7,960000,-0.2740000000000001,38.4
car_flag,gaussian,7,980000,-0.288,39.8
car_flag,gaussian,7,1000000,-0.5765,38.65
car_flag,gaussian,8,20000,-0.796,110.6
car_flag,gaussian,8,40000,-0.65,66.0
car_flag,gaussian,8,60000,-0.6959999999999998,50.6
car_flag,gaussian,8,80000,-0.22100000000000003,43.1
car_flag,gaussian,8,100000,-0.22000000000000003,43.0
car_flag,gaussian,8,120000,-0.6775,38.75
car_flag,gaussian,8,140000,-0.1155,42.55
car_flag,gaussian,8,160000,-0.1275,43.75
car_flag,gaussian,8,180000,-0.45149999999999996,36.15
car_flag,gaussian,8,200000,-0.5005000000000001,41.05
car_flag,gaussian,8,220000,-0.269,37.9
car_flag,gaussian,8,240000,-0.1165,42.65
car_flag,gaussian,8,260000,-0.04800000000000003,45.8
car_flag,gaussian,8,280000,-0.22050000000000006,43.05
car_flag,gaussian,8,300000,-0.4405,45.05
car_flag,gaussian,8,320000,-0.23599999999999993,44.6
car_flag,gaussian,8,340000,0.07500000000000001,53.5
car_flag,gaussian,8,360000,0.09149999999999998,41.85
car_flag,gaussian,8,380000,-0.06350000000000001,47.35
car_flag,gaussian,8,400000,-0.28,49.0
car_flag,gaussian,8,420000,-0.21749999999999997,52.75
car_flag,gaussian,8,440000,0.205,50.5
car_flag,gaussian,8,460000,-0.04150000000000001,45.15
car_flag,gaussian,8,480000,0.06150000000000001,44.85
car_flag,gaussian,8,500000,0.2505,45.95
car_flag,gaussian,8,520000,0.0665,54.35
car_flag,gaussian,8,540000,0.11599999999999999,49.4
car_flag,gaussian,8,560000,0.22300000000000003,48.7
car_flag,gaussian,8,580000,0.19750000000000004,41.25
car_flag,gaussian,8,600000,-0.04850000000000003,45.85
car_flag,gaussian,8,620000,0.31750000000000006,49.25
car_flag,gaussian,8,640000,0.20049999999999998,50.95
car_flag,gaussian,8,660000,0.36050000000000004,44.95
car_flag,gaussian,8,680000,0.016499999999999994,49.35
car_flag,gaussian,8,700000,0.179,43.1
car_flag,gaussian,8,720000,-0.19150000000000003,50.15
car_flag,gaussian,8,740000,0.1265,48.35
car_flag,gaussian,8,760000,-0.12650000000000003,43.65
car_flag,gaussian,8,780000,0.4025,50.75
car_flag,gaussian,8,800000,0.03749999999999999,47.25
car_flag,gaussian,8,820000,0.261,44.9
car_flag,gaussian,8,840000,0.17750000000000005,53.25
car_flag,gaussian,8,860000,0.2665,54.35
car_flag,gaussian,8,880000,0.53,48.0
car_flag,gaussian,8,900000,0.128,48.2
car_flag,gaussian,8,920000,0.22949999999999998,58.05
car_flag,gaussian,8,940000,0.2185,49.15
car_flag,gaussian,8,960000,0.08349999999999999,52.65
car_flag,gaussian,8,980000,0.2740000000000001,53.6
car_flag,gaussian,8,1000000,0.0875,42.25
car_flag,gaussian,9,20000,-0.43549999999999994,114.25
car_flag,gaussian,9,40000,0.05,96.0
car_flag,gaussian,9,60000,0.371,63.9
car_flag,gaussian,9,80000,0.2885,72.15
car_flag,gaussian,9,100000,0.3615,64.85
car_flag,gaussian,9,120000,0.48900000000000005,52.1
car_flag,gaussian,9,140000,0.475,53.5
car_flag,gaussian,9,160000,0.418,59.2
car_flag,gaussian,9,180000,0.4295,58.05
car_flag,gaussian,9,200000,0.40750000000000003,60.25
car_flag,gaussian,9,220000,0.3765,63.35
car_flag,gaussian,9,240000,0.43,58.0
car_flag,gaussian,9,260000,0.48050000000000004,52.95
car_flag,gaussian,9,280000,0.42349999999999993,58.65
car_flag,gaussian,9,300000,0.44650000000000006,56.35
car_flag,gaussian,9,320000,0.3545,65.55
car_flag,gaussian,9,340000,0.5284999999999999,48.15
car_flag,gaussian,9,360000,0.40750000000000003,60.25
car_flag,gaussian,9,380000,0.393,61.7
car_flag,gaussian,9,400000,0.442,56.8
car_flag,gaussian,9,420000,0.4,61.0
car_flag,gaussian,9,440000,0.3545,65.55
car_flag,gaussian,9,460000,0.5085,50.15
car_flag,gaussian,9,480000,0.3895,62.05
car_flag,gaussian,9,500000,0.388,62.2
car_flag,gaussian,9,520000,0.445,56.5
car_flag,gaussian,9,540000,0.4375,57.25
car_flag,gaussian,9,560000,0.4405,56.95
car_flag,gaussian,9,580000,0.34400000000000003,66.6
car_flag,gaussian,9,600000,0.371,63.9
car_flag,gaussian,9,620000,0.4125,59.75
car_flag,gaussian,9,640000,0.4605,54.95
car_flag,gaussian,9,660000,0.35150000000000003,65.85
car_flag,gaussian,9,680000,0.4035000000000001,60.65
car_flag,gaussian,9,700000,0.4885,52.15
car_flag,gaussian,9,720000,0.40800000000000003,60.2
car_flag,gaussian,9,740000,0.406,60.4
car_flag,gaussian,9,760000,0.3815,62.85
car_flag,gaussian,9,780000,0.42800000000000005,58.2
car_flag,gaussian,9,800000,0.338,67.2
car_flag,gaussian,9,820000,0.51,50.0
car_flag,gaussian,9,840000,0.37350000000000005,63.65
car_flag,gaussian,9,860000,0.34650000000000003,66.35
car_flag,gaussian,9,880000,0.45549999999999996,55.45
car_flag,gaussian,9,900000,0.4085,60.15
car_flag,gaussian,9,920000,0.4925,51.75
car_flag,gaussian,9,940000,0.4225,58.75
car_flag,gaussian,9,960000,0.43800000000000006,57.2
car_flag,gaussian,9,980000,0.41950000000000004,59.05
car_flag,gaussian,9,1000000,0.40650000000000003,60.35
car_flag,kmoments,0,20000,-0.921,142.6
car_flag,kmoments,0,40000,-0.11499999999999999,107.45
car_flag,kmoments,0,60000,0.28300000000000003,72.7
car_flag,kmoments,0,80000,0.32800000000000007,68.2
car_flag,kmoments,0,100000,0.4145,59.55
car_flag,kmoments,0,120000,0.418,59.2
car_flag,kmoments,0,140000,0.3765,63.35
car_flag,kmoments,0,160000,0.46749999999999997,54.25
car_flag,kmoments,0,180000,0.40700000000000003,60.3
car_flag,kmoments,0,200000,0.3665,64.35
car_flag,kmoments,0,220000,0.39649999999999996,61.35
car_flag,kmoments,0,240000,0.5125,49.75
car_flag,kmoments,0,260000,0.372,63.8
car_flag,kmoments,0,280000,0.366,64.4
car_flag,kmoments,0,300000,0.3325,67.75
car_flag,kmoments,0,320000,0.4325,57.75
car_flag,kmoments,0,340000,0.385,62.5
car_flag,kmoments,0,360000,0.41150000000000003,59.85
car_flag,kmoments,0,380000,0.4095,60.05
car_flag,kmoments,0,400000,0.4025,60.75
car_flag,kmoments,0,420000,0.4585,55.15
car_flag,kmoments,0,440000,0.39749999999999996,61.25
car_flag,kmoments,0,460000,0.396,61.4
car_flag,kmoments,0,480000,0.389,62.1
car_flag,kmoments,0,500000,0.388,62.2
car_flag,kmoments,0,520000,0.38249999999999995,62.75
car_flag,kmoments,0,540000,0.46349999999999997,54.65
car_flag,kmoments,0,560000,0.42749999999999994,58.25
car_flag,kmoments,0,580000,0.4,61.0
car_flag,kmoments,0,600000,0.359,65.1
car_flag,kmoments,0,620000,0.446,56.4
car_flag,kmoments,0,640000,0.413,59.7
car_flag,kmoments,0,660000,0.4495,56.05
car_flag,kmoments,0,680000,0.3425,66.75
car_flag,kmoments,0,700000,0.323,68.7
car_flag,kmoments,0,720000,0.354,65.6
car_flag,kmoments,0,740000,0.342,66.8
car_flag,kmoments,0,760000,0.44800000000000006,56.2
car_flag,kmoments,0,780000,0.404,60.6
car_flag,kmoments,0,800000,0.4565,55.35
car_flag,kmoments,0,820000,0.421,58.9
car_flag,kmoments,0,840000,0.41050000000000003,59.95
car_flag,kmoments,0,860000,0.47050000000000003,53.95
car_flag,kmoments,0,880000,0.4165,59.35
car_flag,kmoments,0,900000,0.3769999999999999,63.3
car_flag,kmoments,0,920000,0.3555,65.45
car_flag,kmoments,0,940000,0.3735,63.65
car_flag,kmoments,0,960000,0.34450000000000003,66.55
car_flag,kmoments,0,980000,0.44750000000000006,56.25
car_flag,kmoments,0,1000000,0.48050000000000004,52.95
car_flag,kmoments,1,20000,-0.586,94.45
car_flag,kmoments,1,40000,0.03150000000000001,92.8
car_flag,kmoments,1,60000,0.344,66.6
car_flag,kmoments,1,80000,0.41550000000000004,59.45
car_flag,kmoments,1,100000,0.38750000000000007,62.25
car_flag,kmoments,1,120000,0.39200000000000007,61.8
car_flag,kmoments,1,140000,0.40099999999999997,60.9
car_flag,kmoments,1,160000,0.368,64.2
car_flag,kmoments,1,180000,0.38699999999999996,62.3
car_flag,kmoments,1,200000,0.496,51.4
car_flag,kmoments,1,220000,0.42700000000000005,58.3
car_flag,kmoments,1,240000,0.41200000000000003,59.8
car_flag,kmoments,1,260000,0.442,56.8
car_flag,kmoments,1,280000,0.3830000000000001,62.7
car_flag,kmoments,1,300000,0.4704999999999999,53.95
car_flag,kmoments,1,320000,0.4135,59.65
car_flag,kmoments,1,340000,0.3705,63.95
car_flag,kmoments,1,360000,0.44349999999999995,56.65
car_flag,kmoments,1,380000,0.379,63.1
car_flag,kmoments,1,400000,0.4215,58.85
car_flag,kmoments,1,420000,0.44800000000000006,56.2
car_flag,kmoments,1,440000,0.381,62.9
car_flag,kmoments,1,460000,0.4065,60.35
car_flag,kmoments,1,480000,0.37500000000000006,63.5
car_flag,kmoments,1,500000,0.46099999999999997,54.9
car_flag,kmoments,1,520000,0.4145,59.55
car_flag,kmoments,1,540000,0.44049999999999995,56.95
car_flag,kmoments,1,560000,0.5029999999999999,50.7
car_flag,kmoments,1,580000,0.37700000000000006,63.3
car_flag,kmoments,1,600000,0.4514999999999999,55.85
car_flag,kmoments,1,620000,0.3855,62.45
car_flag,kmoments,1,640000,0.366,64.4
car_flag,kmoments,1,660000,0.35000000000000003,66.0
car_flag,kmoments,1,680000,0.39899999999999997,61.1
car_flag,kmoments,1,700000,0.445,56.5
car_flag,kmoments,1,720000,0.34650000000000003,66.35
car_flag,kmoments,1,740000,0.39649999999999996,61.35
car_flag,kmoments,1,760000,0.4699999999999999,54.0
car_flag,kmoments,1,780000,0.39049999999999996,61.95
car_flag,kmoments,1,800000,0.4544999999999999,55.55
car_flag,kmoments,1,820000,0.434,57.6
car_flag,kmoments,1,840000,0.49099999999999994,51.9
car_flag,kmoments,1,860000,0.42200000000000004,58.8
car_flag,kmoments,1,880000,0.449,56.1
car_flag,kmoments,1,900000,0.3975,61.25
car_flag,kmoments,1,920000,0.3545,65.55
car_flag,kmoments,1,940000,0.44849999999999995,56.15
car_flag,kmoments,1,960000,0.458,55.2
car_flag,kmoments,1,980000,0.4149999999999999,59.5
car_flag,kmoments,1,1000000,0.48,53.0
car_flag,kmoments,2,20000,-1.0459999999999998,115.6
car_flag,kmoments,2,40000,-1.043,100.15
car_flag,kmoments,2,60000,-0.7229999999999999,63.3
car_flag,kmoments,2,80000,-0.39499999999999996,50.5
car_flag,kmoments,2,100000,-0.16999999999999998,48.0
car_flag,kmoments,2,120000,-0.11000000000000006,42.0
car_flag,kmoments,2,140000,0.20949999999999994,50.05
car_flag,kmoments,2,160000,-0.1365,44.65
car_flag,kmoments,2,180000,-0.10800000000000005,51.8
car_flag,kmoments,2,200000,0.2365,47.35
car_flag,kmoments,2,220000,0.1015,50.85
car_flag,kmoments,2,240000,0.26949999999999996,54.05
car_flag,kmoments,2,260000,0.173,53.7
car_flag,kmoments,2,280000,0.389,52.1
car_flag,kmoments,2,300000,0.15850000000000003,55.15
car_flag,kmoments,2,320000,0.18749999999999997,62.25
car_flag,kmoments,2,340000,0.1345,47.55
car_flag,kmoments,2,360000,0.16899999999999998,64.1
car_flag,kmoments,2,380000,0.20800000000000002,50.2
car_flag,kmoments,2,400000,0.233,47.7
car_flag,kmoments,2,420000,0.07049999999999998,53.95
car_flag,kmoments,2,440000,0.14699999999999996,56.3
car_flag,kmoments,2,460000,0.078,53.2
car_flag,kmoments,2,480000,0.020499999999999987,58.95
car_flag,kmoments,2,500000,0.11149999999999996,49.85
car_flag,kmoments,2,520000,0.333,47.7
car_flag,kmoments,2,540000,0.3925,51.75
car_flag,kmoments,2,560000,0.1125,49.75
car_flag,kmoments,2,580000,0.32399999999999995,48.6
car_flag,kmoments,2,600000,0.32899999999999996,48.1
car_flag,kmoments,2,620000,0.34650000000000003,46.35
car_flag,kmoments,2,640000,0.44449999999999995,56.55
car_flag,kmoments,2,660000,0.2675,54.25
car_flag,kmoments,2,680000,0.1835,62.65
car_flag,kmoments,2,700000,0.10500000000000001,60.5
car_flag,kmoments,2,720000,0.06700000000000002,64.3
car_flag,kmoments,2,740000,0.23000000000000004,48.0
car_flag,kmoments,2,760000,0.319,59.1
car_flag,kmoments,2,780000,0.392,61.8
car_flag,kmoments,2,800000,0.146,56.4
car_flag,kmoments,2,820000,0.44299999999999995,56.7
car_flag,kmoments,2,840000,0.1165,59.35
car_flag,kmoments,2,860000,0.33000000000000007,58.0
car_flag,kmoments,2,880000,0.09000000000000001,62.0
car_flag,kmoments,2,900000,0.05400000000000003,65.6
car_flag,kmoments,2,920000,0.261,64.9
car_flag,kmoments,2,940000,0.429,58.1
car_flag,kmoments,2,960000,0.28700000000000003,62.3
car_flag,kmoments,2,980000,0.48900000000000005,52.1
car_flag,kmoments,2,1000000,0.5055,50.45
car_flag,kmoments,3,20000,-0.9880000000000001,119.8
car_flag,kmoments,3,40000,-0.6354999999999998,74.55
car_flag,kmoments,3,60000,-0.6479999999999999,55.8
car_flag,kmoments,3,80000,-0.4175,52.75
car_flag,kmoments,3,100000,-0.29999999999999993,41.0
car_flag,kmoments,3,120000,-0.0965,40.65
car_flag,kmoments,3,140000,-0.11949999999999998,42.95
car_flag,kmoments,3,160000,-0.022499999999999992,43.25
car_flag,kmoments,3,180000,-0.14299999999999996,45.3
car_flag,kmoments,3,200000,-0.2305,44.05
car_flag,kmoments,3,220000,0.03950000000000003,47.05
car_flag,kmoments,3,240000,-0.2665,37.65
car_flag,kmoments,3,260000,-0.002000000000000013,41.2
car_flag,kmoments,3,280000,0.059999999999999984,45.0
car_flag,kmoments,3,300000,0.28200000000000003,42.8
car_flag,kmoments,3,320000,-0.11850000000000001,42.85
car_flag,kmoments,3,340000,-0.23100000000000004,44.1
car_flag,kmoments,3,360000,-0.10800000000000001,41.8
car_flag,kmoments,3,380000,0.25850000000000006,45.15
car_flag,kmoments,3,400000,0.31849999999999995,49.15
car_flag,kmoments,3,420000,-0.06449999999999997,47.45
car_flag,kmoments,3,440000,0.038999999999999986,47.1
car_flag,kmoments,3,460000,-0.15499999999999997,46.5
car_flag,kmoments,3,480000,0.07949999999999996,53.05
car_flag,kmoments,3,500000,0.49050000000000005,51.95
car_flag,kmoments,3,520000,-0.025500000000000005,43.55
car_flag,kmoments,3,540000,0.2745,43.55
car_flag,kmoments,3,560000,-0.059499999999999977,56.95
car_flag,kmoments,3,580000,-0.30299999999999994,41.3
car_flag,kmoments,3,600000,0.1655,44.45
car_flag,kmoments,3,620000,0.020999999999999998,48.9
car_flag,kmoments,3,640000,0.09999999999999998,51.0
car_flag,kmoments,3,660000,-0.0009999999999999898,41.1
car_flag,kmoments,3,680000,0.1685,44.15
car_flag,kmoments,3,700000,0.194,51.6
car_flag,kmoments,3,720000,-0.0044999999999999814,51.45
car_flag,kmoments,3,740000,0.06799999999999998,54.2
car_flag,kmoments,3,760000,0.313,59.7
car_flag,kmoments,3,780000,0.22000000000000003,49.0
car_flag,kmoments,3,800000,-0.030500000000000017,54.05
car_flag,kmoments,3,820000,0.2205,48.95
car_flag,kmoments,3,840000,0.052500000000000005,45.75
car_flag,kmoments,3,860000,0.1055,50.45
car_flag,kmoments,3,880000,0.04699999999999999,46.3
car_flag,kmoments,3,900000,0.229,48.1
car_flag,kmoments,3,920000,0.21599999999999997,49.4
car_flag,kmoments,3,940000,0.14900000000000002,56.1
car_flag,kmoments,3,960000,0.13499999999999998,47.5
car_flag,kmoments,3,980000,0.2625,54.75
car_flag,kmoments,3,1000000,-0.09450000000000003,50.45
car_flag,kmoments,4,20000,-1.0749999999999997,128.3
car_flag,kmoments,4,40000,-0.45200000000000007,116.0
car_flag,kmoments,4,60000,0.23749999999999996,67.25
car_flag,kmoments,4,80000,0.198,61.2
car_flag,kmoments,4,100000,0.43400000000000005,57.6
car_flag,kmoments,4,120000,0.46950000000000003,54.05
car_flag,kmoments,4,140000,0.414,59.6
car_flag,kmoments,4,160000,0.19449999999999998,51.55
car_flag,kmoments,4,180000,0.368,64.2
car_flag,kmoments,4,200000,0.46849999999999997,54.15
car_flag,kmoments,4,220000,0.33899999999999997,67.1
car_flag,kmoments,4,240000,0.392,61.8
car_flag,kmoments,4,260000,0.46950000000000003,54.05
car_flag,kmoments,4,280000,0.41200000000000003,59.8
car_flag,kmoments,4,300000,0.40499999999999997,60.5
car_flag,kmoments,4,320000,0.393,61.7
car_flag,kmoments,4,340000,0.46349999999999997,54.65
car_flag,kmoments,4,360000,0.36650000000000005,64.35
car_flag,kmoments,4,380000,0.47249999999999986,53.75
car_flag,kmoments,4,400000,0.358,65.2
car_flag,kmoments,4,420000,0.39049999999999996,61.95
car_flag,kmoments,4,440000,0.45599999999999996,55.4
car_flag,kmoments,4,460000,0.364,64.6
car_flag,kmoments,4,480000,0.4445,56.55
car_flag,kmoments,4,500000,0.5075,50.25
car_flag,kmoments,4,520000,0.4485,56.15
car_flag,kmoments,4,540000,0.384,62.6
car_flag,kmoments,4,560000,0.40700000000000003,60.3
car_flag,kmoments,4,580000,0.372,63.8
car_flag,kmoments,4,600000,0.346,66.4
car_flag,kmoments,4,620000,0.413,59.7
car_flag,kmoments,4,640000,0.333,67.7
car_flag,kmoments,4,660000,0.37750000000000006,63.25
car_flag,kmoments,4,680000,0.38150000000000006,62.85
car_flag,kmoments,4,700000,0.413,59.7
car_flag,kmoments,4,720000,0.33799999999999997,67.2
car_flag,kmoments,4,740000,0.4654999999999999,54.45
car_flag,kmoments,4,760000,0.41500000000000004,59.5
car_flag,kmoments,4,780000,0.36750000000000005,64.25
car_flag,kmoments,4,800000,0.42200000000000004,58.8
car_flag,kmoments,4,820000,0.42799999999999994,58.2
car_flag,kmoments,4,840000,0.465,54.5
car_flag,kmoments,4,860000,0.4485,56.15
car_flag,kmoments,4,880000,0.41050000000000003,59.95
car_flag,kmoments,4,900000,0.49449999999999994,51.55
car_flag,kmoments,4,920000,0.39149999999999996,61.85
car_flag,kmoments,4,940000,0.40549999999999997,60.45
car_flag,kmoments,4,960000,0.42849999999999994,58.15
car_flag,kmoments,4,980000,0.4090000000000001,60.1
car_flag,kmoments,4,1000000,0.43949999999999995,57.05
car_flag,kmoments,5,20000,-0.48200000000000004,79.2
car_flag,kmoments,5,40000,-0.36,96.9
car_flag,kmoments,5,60000,0.20249999999999999,80.75
car_flag,kmoments,5,80000,0.333,67.7
car_flag,kmoments,5,100000,0.5330000000000001,47.7
car_flag,kmoments,5,120000,0.42000000000000004,59.0
car_flag,kmoments,5,140000,0.4465,56.35
car_flag,kmoments,5,160000,0.33099999999999996,67.9
car_flag,kmoments,5,180000,0.345,66.5
car_flag,kmoments,5,200000,0.4000000000000001,61.0
car_flag,kmoments,5,220000,0.45150000000000007,55.85
car_flag,kmoments,5,240000,0.3345000000000001,67.55
car_flag,kmoments,5,260000,0.3495,66.05
car_flag,kmoments,5,280000,0.353,65.7
car_flag,kmoments,5,300000,0.346,66.4
car_flag,kmoments,5,320000,0.4615,54.85
car_flag,kmoments,5,340000,0.41600000000000004,59.4
car_flag,kmoments,5,360000,0.3815,62.85
car_flag,kmoments,5,380000,0.48999999999999994,52.0
car_flag,kmoments,5,400000,0.43550000000000005,57.45
car_flag,kmoments,5,420000,0.433,57.7
car_flag,kmoments,5,440000,0.3935,61.65
car_flag,kmoments,5,460000,0.4525,55.75
car_flag,kmoments,5,480000,0.42399999999999993,58.6
car_flag,kmoments,5,500000,0.36,65.0
car_flag,kmoments,5,520000,0.5219999999999999,48.8
car_flag,kmoments,5,540000,0.352,65.8
car_flag,kmoments,5,560000,0.3725,63.75
car_flag,kmoments,5,580000,0.3125,69.75
car_flag,kmoments,5,600000,0.39249999999999996,61.75
car_flag,kmoments,5,620000,0.4365,57.35
car_flag,kmoments,5,640000,0.5405,46.95
car_flag,kmoments,5,660000,0.3935,61.65
car_flag,kmoments,5,680000,0.472,53.8
car_flag,kmoments,5,700000,0.37100000000000005,63.9
car_flag,kmoments,5,720000,0.3935,61.65
car_flag,kmoments,5,740000,0.317,69.3
car_flag,kmoments,5,760000,0.384,62.6
car_flag,kmoments,5,780000,0.46049999999999996,54.95
car_flag,kmoments,5,800000,0.298,71.2
car_flag,kmoments,5,820000,0.4415,56.85
car_flag,kmoments,5,840000,0.4715,53.85
car_flag,kmoments,5,860000,0.275,73.5
car_flag,kmoments,5,880000,0.45750000000000013,55.25
car_flag,kmoments,5,900000,0.425,58.5
car_flag,kmoments,5,920000,0.35750000000000004,65.25
car_flag,kmoments,5,940000,0.4710000000000001,53.9
car_flag,kmoments,5,960000,0.389,62.1
car_flag,kmoments,5,980000,0.4355000000000001,57.45
car_flag,kmoments,5,1000000,0.40549999999999997,60.45
car_flag,kmoments,6,20000,-0.7484999999999999,85.85
car_flag,kmoments,6,40000,-0.41400000000000003,112.1
car_flag,kmoments,6,60000,0.35899999999999993,65.1
car_flag,kmoments,6,80000,0.33100000000000007,67.9
car_flag,kmoments,6,100000,0.315,69.5
car_flag,kmoments,6,120000,0.4085,60.15
car_flag,kmoments,6,140000,0.367,64.3
car_flag,kmoments,6,160000,0.38,63.0
car_flag,kmoments,6,180000,0.37449999999999994,63.55
car_flag,kmoments,6,200000,0.41400000000000003,59.6
car_flag,kmoments,6,220000,0.45099999999999996,55.9
car_flag,kmoments,6,240000,0.404,60.6
car_flag,kmoments,6,260000,0.4969999999999999,51.3
car_flag,kmoments,6,280000,0.4,61.0
car_flag,kmoments,6,300000,0.3385,67.15
car_flag,kmoments,6,320000,0.4085,60.15
car_flag,kmoments,6,340000,0.49099999999999994,51.9
car_flag,kmoments,6,360000,0.4295,58.05
car_flag,kmoments,6,380000,0.35150000000000003,65.85
car_flag,kmoments,6,400000,0.343,66.7
car_flag,kmoments,6,420000,0.48549999999999993,52.45
car_flag,kmoments,6,440000,0.41100000000000003,59.9
car_flag,kmoments,6,460000,0.4505,55.95
car_flag,kmoments,6,480000,0.383,62.7
car_flag,kmoments,6,500000,0.36900000000000005,64.1
car_flag,kmoments,6,520000,0.45599999999999996,55.4
car_flag,kmoments,6,540000,0.43949999999999995,57.05
car_flag,kmoments,6,560000,0.2995,71.05
car_flag,kmoments,6,580000,0.42699999999999994,58.3
car_flag,kmoments,6,600000,0.37849999999999995,63.15
car_flag,kmoments,6,620000,0.4095,60.05
car_flag,kmoments,6,640000,0.5410000000000001,46.9
car_flag,kmoments,6,660000,0.5165,49.35
car_flag,kmoments,6,680000,0.3375,67.25
car_flag,kmoments,6,700000,0.4335,57.65
car_flag,kmoments,6,720000,0.378,63.2
car_flag,kmoments,6,740000,0.44700000000000006,56.3
car_flag,kmoments,6,760000,0.4465,56.35
car_flag,kmoments,6,780000,0.445,56.5
car_flag,kmoments,6,800000,0.4585,55.15
car_flag,kmoments,6,820000,0.372,63.8
car_flag,kmoments,6,840000,0.39999999999999997,61.0
car_flag,kmoments,6,860000,0.41900000000000004,59.1
car_flag,kmoments,6,880000,0.4450000000000001,56.5
car_flag,kmoments,6,900000,0.382,62.8
car_flag,kmoments,6,920000,0.4715,53.85
car_flag,kmoments,6,940000,0.4205,58.95
car_flag,kmoments,6,960000,0.3605,64.95
car_flag,kmoments,6,980000,0.5035000000000001,50.65
car_flag,kmoments,6,1000000,0.275,73.5
car_flag,kmoments,7,20000,-0.8560000000000001,86.6
car_flag,kmoments,7,40000,-0.47650000000000003,58.65
car_flag,kmoments,7,60000,-0.24449999999999994,45.45
car_flag,kmoments,7,80000,-0.7014999999999999,41.15
car_flag,kmoments,7,100000,-0.28600000000000003,39.6
car_flag,kmoments,7,120000,-0.18900000000000003,39.9
car_flag,kmoments,7,140000,-0.28450000000000003,39.45
car_flag,kmoments,7,160000,-0.5900000000000001,40.0
car_flag,kmoments,7,180000,0.010000000000000009,40.0
car_flag,kmoments,7,200000,-0.18299999999999997,39.3
car_flag,kmoments,7,220000,-0.27549999999999997,38.55
car_flag,kmoments,7,240000,-0.36500000000000005,37.5
car_flag,kmoments,7,260000,-0.5735000000000001,38.35
car_flag,kmoments,7,280000,-0.36300000000000004,37.3
car_flag,kmoments,7,300000,-0.16349999999999995,37.35
car_flag,kmoments,7,320000,0.042499999999999996,36.75
car_flag,kmoments,7,340000,-0.5530000000000002,36.3
car_flag,kmoments,7,360000,-0.065,37.5
car_flag,kmoments,7,380000,-0.5609999999999999,37.1
car_flag,kmoments,7,400000,-0.6599999999999999,37.0
car_flag,kmoments,7,420000,-0.374,38.4
car_flag,kmoments,7,440000,-0.4600000000000001,37.0
car_flag,kmoments,7,460000,-0.36250000000000004,37.25
car_flag,kmoments,7,480000,0.03,38.0
car_flag,kmoments,7,500000,-0.4699999999999999,38.0
car_flag,kmoments,7,520000,-0.664,37.4
car_flag,kmoments,7,540000,-0.2645,37.45
car_flag,kmoments,7,560000,-0.362,37.2
car_flag,kmoments,7,580000,-0.764,37.4
car_flag,kmoments,7,600000,-0.05750000000000004,36.75
car_flag,kmoments,7,620000,-0.266,37.6
car_flag,kmoments,7,640000,-0.269,37.9
car_flag,kmoments,7,660000,0.03400000000000001,37.6
car_flag,kmoments,7,680000,-0.5705,38.05
car_flag,kmoments,7,700000,-0.06499999999999999,37.5
car_flag,kmoments,7,720000,-0.4700000000000001,38.0
car_flag,kmoments,7,740000,-0.7705,38.05
car_flag,kmoments,7,760000,-0.38,39.0
car_flag,kmoments,7,780000,-0.364,37.4
car_flag,kmoments,7,800000,-0.0685,37.85
car_flag,kmoments,7,820000,-0.16500000000000004,37.5
car_flag,kmoments,7,840000,-0.4755000000000001,38.55
car_flag,kmoments,7,860000,-0.26149999999999995,37.15
car_flag,kmoments,7,880000,-0.4715,38.15
car_flag,kmoments,7,900000,-0.6664999999999999,37.65
car_flag,kmoments,7,920000,-0.36150000000000004,37.15
car_flag,kmoments,7,940000,-0.36700000000000005,37.7
car_flag,kmoments,7,960000,-0.2615,37.15
car_flag,kmoments,7,980000,-0.27549999999999997,38.55
car_flag,kmoments,7,1000000,-0.5660000000000001,37.6
car_flag,kmoments,8,20000,-0.9899999999999999,109.8
car_flag,kmoments,8,40000,-0.745,110.15
car_flag,kmoments,8,60000,-0.029499999999999988,63.95
car_flag,kmoments,8,80000,0.29999999999999993,61.0
car_flag,kmoments,8,100000,0.349,56.1
car_flag,kmoments,8,120000,0.40700000000000003,50.3
car_flag,kmoments,8,140000,0.3325,57.75
car_flag,kmoments,8,160000,0.48150000000000004,52.85
car_flag,kmoments,8,180000,0.26849999999999996,44.15
car_flag,kmoments,8,200000,0.29300000000000004,51.7
car_flag,kmoments,8,220000,0.11099999999999999,59.9
car_flag,kmoments,8,240000,0.35250000000000004,55.75
car_flag,kmoments,8,260000,0.417,59.3
car_flag,kmoments,8,280000,0.3995,61.05
car_flag,kmoments,8,300000,0.43550000000000005,57.45
car_flag,kmoments,8,320000,0.38299999999999995,62.7
car_flag,kmoments,8,340000,0.37249999999999994,63.75
car_flag,kmoments,8,360000,0.44449999999999995,56.55
car_flag,kmoments,8,380000,0.403,60.7
car_flag,kmoments,8,400000,0.4069999999999999,60.3
car_flag,kmoments,8,420000,0.42300000000000004,58.7
car_flag,kmoments,8,440000,0.3445,66.55
car_flag,kmoments,8,460000,0.4335,57.65
car_flag,kmoments,8,480000,0.43549999999999994,57.45
car_flag,kmoments,8,500000,0.3785,63.15
car_flag,kmoments,8,520000,0.356,65.4
car_flag,kmoments,8,540000,0.36850000000000005,64.15
car_flag,kmoments,8,560000,0.29799999999999993,71.2
car_flag,kmoments,8,580000,0.5555000000000001,45.45
car_flag,kmoments,8,600000,0.45550000000000007,55.45
car_flag,kmoments,8,620000,0.30300000000000005,70.7
car_flag,kmoments,8,640000,0.3825,62.75
car_flag,kmoments,8,660000,0.35450000000000004,65.55
car_flag,kmoments,8,680000,0.3865,62.35
car_flag,kmoments,8,700000,0.3765,63.35
car_flag,kmoments,8,720000,0.4419999999999999,56.8
car_flag,kmoments,8,740000,0.388,62.2
car_flag,kmoments,8,760000,0.44750000000000006,56.25
car_flag,kmoments,8,780000,0.36899999999999994,64.1
car_flag,kmoments,8,800000,0.4165,59.35
car_flag,kmoments,8,820000,0.4860000000000001,52.4
car_flag,kmoments,8,840000,0.42099999999999993,58.9
car_flag,kmoments,8,860000,0.38099999999999995,62.9
car_flag,kmoments,8,880000,0.44449999999999995,56.55
car_flag,kmoments,8,900000,0.4114999999999999,59.85
car_flag,kmoments,8,920000,0.321,68.9
car_flag,kmoments,8,940000,0.425,58.5
car_flag,kmoments,8,960000,0.45200000000000007,55.8
car_flag,kmoments,8,980000,0.4205,58.95
car_flag,kmoments,8,1000000,0.488,52.2
car_flag,kmoments,9,20000,-1.6000000000000003,160.0
car_flag,kmoments,9,40000,-0.6789999999999999,98.9
car_flag,kmoments,9,60000,-0.5599999999999999,57.0
car_flag,kmoments,9,80000,-0.050000000000000024,46.0
car_flag,kmoments,9,100000,-0.03550000000000002,44.55
car_flag,kmoments,9,120000,-0.172,38.2
car_flag,kmoments,9,140000,-0.022499999999999992,43.25
car_flag,kmoments,9,160000,-0.12349999999999998,43.35
car_flag,kmoments,9,180000,-0.3,41.0
car_flag,kmoments,9,200000,-0.02900000000000002,43.9
car_flag,kmoments,9,220000,-0.10249999999999997,41.25
car_flag,kmoments,9,240000,0.23499999999999996,47.5
car_flag,kmoments,9,260000,0.19699999999999998,41.3
car_flag,kmoments,9,280000,-0.221,43.1
car_flag,kmoments,9,300000,0.23399999999999999,47.6
car_flag,kmoments,9,320000,-0.15050000000000002,46.05
car_flag,kmoments,9,340000,0.09499999999999996,41.5
car_flag,kmoments,9,360000,0.05250000000000001,45.75
car_flag,kmoments,9,380000,0.034499999999999996,47.55
car_flag,kmoments,9,400000,0.06000000000000001,45.0
car_flag,kmoments,9,420000,0.22600000000000003,48.4
car_flag,kmoments,9,440000,0.4385,37.15
car_flag,kmoments,9,460000,0.10000000000000002,41.0
car_flag,kmoments,9,480000,0.143,46.7
car_flag,kmoments,9,500000,-0.0025000000000000243,41.25
car_flag,kmoments,9,520000,-0.15650000000000003,46.65
car_flag,kmoments,9,540000,-0.04750000000000003,45.75
car_flag,kmoments,9,560000,0.2859999999999999,42.4
car_flag,kmoments,9,580000,0.29900000000000004,51.1
car_flag,kmoments,9,600000,0.1575,45.25
car_flag,kmoments,9,620000,0.20999999999999996,50.0
car_flag,kmoments,9,640000,0.07399999999999997,53.6
car_flag,kmoments,9,660000,0.27799999999999997,53.2
car_flag,kmoments,9,680000,-0.035500000000000025,44.55
car_flag,kmoments,9,700000,-0.26150000000000007,47.15
car_flag,kmoments,9,720000,0.017500000000000005,49.25
car_flag,kmoments,9,740000,0.1025,50.75
car_flag,kmoments,9,760000,-0.08250000000000002,49.25
car_flag,kmoments,9,780000,0.22549999999999998,48.45
car_flag,kmoments,9,800000,0.22600000000000006,48.4
car_flag,kmoments,9,820000,0.030499999999999965,37.95
car_flag,kmoments,9,840000,0.003499999999999981,50.65
car_flag,kmoments,9,860000,0.25600000000000006,45.4
car_flag,kmoments,9,880000,0.096,51.4
car_flag,kmoments,9,900000,-0.008000000000000033,41.8
car_flag,kmoments,9,920000,-0.2285,43.85
car_flag,kmoments,9,940000,0.04249999999999997,46.75
car_flag,kmoments,9,960000,0.433,47.7
car_flag,kmoments,9,980000,0.03099999999999996,47.9
car_flag,kmoments,9,1000000,0.20749999999999996,50.25
car_flag,st_scratch,0,20000,-0.8400000000000001,134.5
car_flag,st_scratch,0,40000,-0.092,105.15
car_flag,st_scratch,0,60000,0.26650000000000007,74.35
car_flag,st_scratch,0,80000,0.3275,68.25
car_flag,st_scratch,0,100000,0.41950000000000004,59.05
car_flag,st_scratch,0,120000,0.413,59.7
car_flag,st_scratch,0,140000,0.37299999999999994,63.7
car_flag,st_scratch,0,160000,0.4600000000000001,55.0
car_flag,st_scratch,0,180000,0.4125,59.75
car_flag,st_scratch,0,200000,0.3715,63.85
car_flag,st_scratch,0,220000,0.4035,60.65
car_flag,st_scratch,0,240000,0.516,49.4
car_flag,st_scratch,0,260000,0.37949999999999995,63.05
car_flag,st_scratch,0,280000,0.3755,63.45
car_flag,st_scratch,0,300000,0.33999999999999997,67.0
car_flag,st_scratch,0,320000,0.43249999999999994,57.75
car_flag,st_scratch,0,340000,0.38699999999999996,62.3
car_flag,st_scratch,0,360000,0.41349999999999987,59.65
car_flag,st_scratch,0,380000,0.41,60.0
car_flag,st_scratch,0,400000,0.40599999999999997,60.4
car_flag,st_scratch,0,420000,0.45949999999999996,55.05
car_flag,st_scratch,0,440000,0.40049999999999997,60.95
car_flag,st_scratch,0,460000,0.40049999999999997,60.95
car_flag,st_scratch,0,480000,0.3925,61.75
car_flag,st_scratch,0,500000,0.39249999999999996,61.75
car_flag,st_scratch,0,520000,0.3885,62.15
car_flag,st_scratch,0,540000,0.4575,55.25
car_flag,st_scratch,0,560000,0.426,58.4
car_flag,st_scratch,0,580000,0.4,61.0
car_flag,st_scratch,0,600000,0.36299999999999993,64.7
car_flag,st_scratch,0,620000,0.44349999999999995,56.65
car_flag,st_scratch,0,640000,0.4085000000000001,60.15
car_flag,st_scratch,0,660000,0.446,56.4
car_flag,st_scratch,0,680000,0.33999999999999997,67.0
car_flag,st_scratch,0,700000,0.3225,68.75
car_flag,st_scratch,0,720000,0.3525,65.75
car_flag,st_scratch,0,740000,0.343,66.7
car_flag,st_scratch,0,760000,0.44650000000000006,56.35
car_flag,st_scratch,0,780000,0.39949999999999997,61.05
car_flag,st_scratch,0,800000,0.45149999999999996,55.85
car_flag,st_scratch,0,820000,0.417,59.3
car_flag,st_scratch,0,840000,0.4085,60.15
car_flag,st_scratch,0,860000,0.46449999999999997,54.55
car_flag,st_scratch,0,880000,0.413,59.7
car_flag,st_scratch,0,900000,0.37449999999999994,63.55
car_flag,st_scratch,0,920000,0.356,65.4
car_flag,st_scratch,0,940000,0.3755,63.45
car_flag,st_scratch,0,960000,0.34950000000000003,66.05
car_flag,st_scratch,0,980000,0.44399999999999995,56.6
car_flag,st_scratch,0,1000000,0.47800000000000004,53.2
car_flag,st_scratch,1,20000,-1.0995,90.95
car_flag,st_scratch,1,40000,-0.7649999999999999,67.5
car_flag,st_scratch,1,60000,-0.612,52.2
car_flag,st_scratch,1,80000,-0.6499999999999999,46.0
car_flag,st_scratch,1,100000,-0.4494999999999999,45.95
car_flag,st_scratch,1,120000,-0.5215,43.15
car_flag,st_scratch,1,140000,-0.4114999999999999,42.15
car_flag,st_scratch,1,160000,-0.3085,41.85
car_flag,st_scratch,1,180000,-0.29949999999999993,40.95
car_flag,st_scratch,1,200000,-0.8089999999999999,41.9
car_flag,st_scratch,1,220000,-0.5065000000000001,41.65
car_flag,st_scratch,1,240000,-0.315,42.5
car_flag,st_scratch,1,260000,-0.6065,41.65
car_flag,st_scratch,1,280000,-0.30449999999999994,41.45
car_flag,st_scratch,1,300000,-0.6034999999999999,41.35
car_flag,st_scratch,1,320000,-0.488,39.8
car_flag,st_scratch,1,340000,-0.19249999999999995,40.25
car_flag,st_scratch,1,360000,-0.49850000000000005,40.85
car_flag,st_scratch,1,380000,-0.3945000000000001,40.45
car_flag,st_scratch,1,400000,-0.49700000000000005,40.7
car_flag,st_scratch,1,420000,-0.5894999999999999,39.95
car_flag,st_scratch,1,440000,-0.296,40.6
car_flag,st_scratch,1,460000,-0.394,40.4
car_flag,st_scratch,1,480000,-0.292,40.2
car_flag,st_scratch,1,500000,-0.686,39.6
car_flag,st_scratch,1,520000,-0.491,40.1
car_flag,st_scratch,1,540000,-0.4945000000000001,40.45
car_flag,st_scratch,1,560000,-0.7899999999999998,40.0
car_flag,st_scratch,1,580000,-0.283,39.3
car_flag,st_scratch,1,600000,-0.5824999999999999,39.25
car_flag,st_scratch,1,620000,-0.287,39.7
car_flag,st_scratch,1,640000,-0.285,39.5
car_flag,st_scratch,1,660000,-0.1835,39.35
car_flag,st_scratch,1,680000,-0.2855,39.55
car_flag,st_scratch,1,700000,-0.5775,38.75
car_flag,st_scratch,1,720000,-0.0765,38.65
car_flag,st_scratch,1,740000,-0.47050000000000003,38.05
car_flag,st_scratch,1,760000,-0.6794999999999998,38.95
car_flag,st_scratch,1,780000,-0.18649999999999997,39.65
car_flag,st_scratch,1,800000,-0.4879999999999999,39.8
car_flag,st_scratch,1,820000,-0.38949999999999996,39.95
car_flag,st_scratch,1,840000,-0.7849999999999999,39.5
car_flag,st_scratch,1,860000,-0.49250000000000005,40.25
car_flag,st_scratch,1,880000,-0.5965,40.65
car_flag,st_scratch,1,900000,-0.39049999999999996,40.05
car_flag,st_scratch,1,920000,-0.2839999999999999,39.4
car_flag,st_scratch,1,940000,-0.5879999999999999,39.8
car_flag,st_scratch,1,960000,-0.588,39.8
car_flag,st_scratch,1,980000,-0.39049999999999996,40.05
car_flag,st_scratch,1,1000000,-0.787,39.7
car_flag,st_scratch,2,20000,-0.614,72.4
car_flag,st_scratch,2,40000,-0.5549999999999999,56.5
car_flag,st_scratch,2,60000,-0.8334999999999999,44.35
car_flag,st_scratch,2,80000,-0.7095,41.95
car_flag,st_scratch,2,100000,-0.7875,39.75
car_flag,st_scratch,2,120000,-0.6955,40.55
car_flag,st_scratch,2,140000,-0.1915,40.15
car_flag,st_scratch,2,160000,-0.67,38.0
car_flag,st_scratch,2,180000,-0.36449999999999994,37.45
car_flag,st_scratch,2,200000,-0.46900000000000003,37.9
car_flag,st_scratch,2,220000,-0.48249999999999993,39.25
car_flag,st_scratch,2,240000,-0.475,38.5
car_flag,st_scratch,2,260000,-0.38499999999999995,39.5
car_flag,st_scratch,2,280000,-0.18100000000000005,39.1
car_flag,st_scratch,2,300000,-0.07500000000000001,38.5
car_flag,st_scratch,2,320000,-0.09200000000000001,40.2
car_flag,st_scratch,2,340000,-0.38,39.0
car_flag,st_scratch,2,360000,0.02899999999999998,38.1
car_flag,st_scratch,2,380000,-0.484,39.4
car_flag,st_scratch,2,400000,-0.47050000000000003,38.05
car_flag,st_scratch,2,420000,-0.37299999999999994,38.3
car_flag,st_scratch,2,440000,-0.4720000000000001,38.2
car_flag,st_scratch,2,460000,-0.57,38.0
car_flag,st_scratch,2,480000,-0.2835000000000001,39.35
car_flag,st_scratch,2,500000,-0.37850000000000006,38.85
car_flag,st_scratch,2,520000,-0.595,40.5
car_flag,st_scratch,2,540000,-0.4915,40.15
car_flag,st_scratch,2,560000,-0.5870000000000001,39.7
car_flag,st_scratch,2,580000,-0.38299999999999995,39.3
car_flag,st_scratch,2,600000,-0.6795,38.95
car_flag,st_scratch,2,620000,-0.776,38.6
car_flag,st_scratch,2,640000,-0.36350000000000005,37.35
car_flag,st_scratch,2,660000,-0.47400000000000003,38.4
car_flag,st_scratch,2,680000,-0.171,38.1
car_flag,st_scratch,2,700000,-0.17049999999999998,38.05
car_flag,st_scratch,2,720000,-0.16449999999999998,37.45
car_flag,st_scratch,2,740000,-0.7695,37.95
car_flag,st_scratch,2,760000,-0.36550000000000005,37.55
car_flag,st_scratch,2,780000,-0.272,38.2
car_flag,st_scratch,2,800000,-0.4659999999999999,37.6
car_flag,st_scratch,2,820000,-0.374,38.4
car_flag,st_scratch,2,840000,-0.36600000000000005,37.6
car_flag,st_scratch,2,860000,-0.271,38.1
car_flag,st_scratch,2,880000,-0.25950000000000006,36.95
car_flag,st_scratch,2,900000,-0.06399999999999999,37.4
car_flag,st_scratch,2,920000,0.032500000000000015,37.75
car_flag,st_scratch,2,940000,-0.368,37.8
car_flag,st_scratch,2,960000,-0.16799999999999998,37.8
car_flag,st_scratch,2,980000,-0.6705,38.05
car_flag,st_scratch,2,1000000,-0.7705,38.05
car_flag,st_scratch,3,20000,-1.2090000000000003,126.65
car_flag,st_scratch,3,40000,-0.4185,112.55
car_flag,st_scratch,3,60000,0.2635,64.65
car_flag,st_scratch,3,80000,0.46699999999999997,54.3
car_flag,st_scratch,3,100000,0.2855,62.45
car_flag,st_scratch,3,120000,0.348,66.2
car_flag,st_scratch,3,140000,0.40149999999999997,60.85
car_flag,st_scratch,3,160000,0.36499999999999994,64.5
car_flag,st_scratch,3,180000,0.36300000000000004,64.7
car_flag,st_scratch,3,200000,0.42750000000000005,58.25
car_flag,st_scratch,3,220000,0.422,58.8
car_flag,st_scratch,3,240000,0.44350000000000006,56.65
car_flag,st_scratch,3,260000,0.429,58.1
car_flag,st_scratch,3,280000,0.373,63.7
car_flag,st_scratch,3,300000,0.36100000000000004,64.9
car_flag,st_scratch,3,320000,0.43,58.0
car_flag,st_scratch,3,340000,0.48549999999999993,52.45
car_flag,st_scratch,3,360000,0.3445,66.55
car_flag,st_scratch,3,380000,0.3215,68.85
car_flag,st_scratch,3,400000,0.36749999999999994,64.25
car_flag,st_scratch,3,420000,0.398,61.2
car_flag,st_scratch,3,440000,0.4079999999999999,60.2
car_flag,st_scratch,3,460000,0.426,58.4
car_flag,st_scratch,3,480000,0.34299999999999997,66.7
car_flag,st_scratch,3,500000,0.392,61.8
car_flag,st_scratch,3,520000,0.476,53.4
car_flag,st_scratch,3,540000,0.44250000000000006,56.75
car_flag,st_scratch,3,560000,0.44749999999999995,56.25
car_flag,st_scratch,3,580000,0.5145,49.55
car_flag,st_scratch,3,600000,0.4425,56.75
car_flag,st_scratch,3,620000,0.45050000000000007,55.95
car_flag,st_scratch,3,640000,0.43499999999999994,57.5
car_flag,st_scratch,3,660000,0.483,52.7
car_flag,st_scratch,3,680000,0.44699999999999995,56.3
car_flag,st_scratch,3,700000,0.3615,64.85
car_flag,st_scratch,3,720000,0.35600000000000004,65.4
car_flag,st_scratch,3,740000,0.36199999999999993,64.8
car_flag,st_scratch,3,760000,0.2755,73.45
car_flag,st_scratch,3,780000,0.30700000000000005,70.3
car_flag,st_scratch,3,800000,0.41600000000000004,59.4
car_flag,st_scratch,3,820000,0.37,64.0
car_flag,st_scratch,3,840000,0.40650000000000003,60.35
car_flag,st_scratch,3,860000,0.449,56.1
car_flag,st_scratch,3,880000,0.3955,61.45
car_flag,st_scratch,3,900000,0.43499999999999994,57.5
car_flag,st_scratch,3,920000,0.43,58.0
car_flag,st_scratch,3,940000,0.3925,61.75
car_flag,st_scratch,3,960000,0.4455,56.45
car_flag,st_scratch,3,980000,0.41150000000000003,59.85
car_flag,st_scratch,3,1000000,0.38649999999999995,62.35
car_flag,st_scratch,4,20000,-1.0105,72.05
car_flag,st_scratch,4,40000,-0.31750000000000006,52.75
car_flag,st_scratch,4,60000,-0.8069999999999998,41.7
car_flag,st_scratch,4,80000,-0.5840000000000001,39.4
car_flag,st_scratch,4,100000,-0.6709999999999999,38.1
car_flag,st_scratch,4,120000,-0.7625,37.25
car_flag,st_scratch,4,140000,-0.36649999999999994,37.65
car_flag,st_scratch,4,160000,-0.7545,36.45
car_flag,st_scratch,4,180000,-0.157,36.7
car_flag,st_scratch,4,200000,-0.6604999999999999,37.05
car_flag,st_scratch,4,220000,0.04249999999999996,36.75
car_flag,st_scratch,4,240000,-0.35550000000000004,36.55
car_flag,st_scratch,4,260000,-0.6615000000000002,37.15
car_flag,st_scratch,4,280000,-0.3645,37.45
car_flag,st_scratch,4,300000,-0.3545,36.45
car_flag,st_scratch,4,320000,-0.3525,36.25
car_flag,st_scratch,4,340000,-0.561,37.1
car_flag,st_scratch,4,360000,-0.056500000000000015,36.65
car_flag,st_scratch,4,380000,-0.661,37.1
car_flag,st_scratch,4,400000,-0.14750000000000002,35.75
car_flag,st_scratch,4,420000,-0.15950000000000003,36.95
car_flag,st_scratch,4,440000,-0.561,37.1
car_flag,st_scratch,4,460000,-0.052500000000000026,36.25
car_flag,st_scratch,4,480000,-0.5515,36.15
car_flag,st_scratch,4,500000,-0.8560000000000001,36.6
car_flag,st_scratch,4,520000,-0.5465000000000001,35.65
car_flag,st_scratch,4,540000,-0.15500000000000003,36.5
car_flag,st_scratch,4,560000,-0.2545,36.45
car_flag,st_scratch,4,580000,-0.056999999999999995,36.7
car_flag,st_scratch,4,600000,-0.04849999999999998,35.85
car_flag,st_scratch,4,620000,-0.44749999999999995,35.75
car_flag,st_scratch,4,640000,0.14099999999999996,36.9
car_flag,st_scratch,4,660000,-0.15600000000000003,36.6
car_flag,st_scratch,4,680000,-0.25149999999999995,36.15
car_flag,st_scratch,4,700000,-0.35649999999999993,36.65
car_flag,st_scratch,4,720000,-0.04949999999999998,35.95
car_flag,st_scratch,4,740000,-0.5640000000000001,37.4
car_flag,st_scratch,4,760000,-0.4485,35.85
car_flag,st_scratch,4,780000,-0.057499999999999975,36.75
car_flag,st_scratch,4,800000,-0.35900000000000004,36.9
car_flag,st_scratch,4,820000,-0.4525,36.25
car_flag,st_scratch,4,840000,-0.5605,37.05
car_flag,st_scratch,4,860000,-0.4565,36.65
car_flag,st_scratch,4,880000,-0.3615,37.15
car_flag,st_scratch,4,900000,-0.759,36.9
car_flag,st_scratch,4,920000,-0.25550000000000006,36.55
car_flag,st_scratch,4,940000,-0.35750000000000004,36.75
car_flag,st_scratch,4,960000,-0.45499999999999996,36.5
car_flag,st_scratch,4,980000,-0.2605,37.05
car_flag,st_scratch,4,1000000,-0.646,35.6
car_flag,st_scratch,5,20000,-0.5245,83.45
car_flag,st_scratch,5,40000,-0.724,78.25
car_flag,st_scratch,5,60000,0.16299999999999998,84.7
car_flag,st_scratch,5,80000,0.3215,68.85
car_flag,st_scratch,5,100000,0.51,50.0
car_flag,st_scratch,5,120000,0.42299999999999993,58.7
car_flag,st_scratch,5,140000,0.44449999999999995,56.55
car_flag,st_scratch,5,160000,0.3355,67.45
car_flag,st_scratch,5,180000,0.35450000000000004,65.55
car_flag,st_scratch,5,200000,0.403,60.7
car_flag,st_scratch,5,220000,0.45200000000000007,55.8
car_flag,st_scratch,5,240000,0.345,66.5
car_flag,st_scratch,5,260000,0.353,65.7
car_flag,st_scratch,5,280000,0.3585,65.15
car_flag,st_scratch,5,300000,0.34950000000000003,66.05
car_flag,st_scratch,5,320000,0.4574999999999999,55.25
car_flag,st_scratch,5,340000,0.4165,59.35
car_flag,st_scratch,5,360000,0.389,62.1
car_flag,st_scratch,5,380000,0.48749999999999993,52.25
car_flag,st_scratch,5,400000,0.43550000000000005,57.45
car_flag,st_scratch,5,420000,0.43599999999999994,57.4
car_flag,st_scratch,5,440000,0.40049999999999997,60.95
car_flag,st_scratch,5,460000,0.4539999999999999,55.6
car_flag,st_scratch,5,480000,0.4245,58.55
car_flag,st_scratch,5,500000,-0.623,43.3
car_flag,st_scratch,5,520000,-0.015000000000000008,42.5
car_flag,st_scratch,5,540000,-0.649,45.9
car_flag,st_scratch,5,560000,-0.5275000000000001,43.75
car_flag,st_scratch,5,580000,-0.8624999999999998,47.25
car_flag,st_scratch,5,600000,-0.43499999999999994,44.5
car_flag,st_scratch,5,620000,-0.21399999999999997,42.4
car_flag,st_scratch,5,640000,0.09300000000000001,41.7
car_flag,st_scratch,5,660000,-0.33399999999999996,44.4
car_flag,st_scratch,5,680000,-0.0125,42.25
car_flag,st_scratch,5,700000,-0.5475,45.75
car_flag,st_scratch,5,720000,-0.5435000000000001,45.35
car_flag,st_scratch,5,740000,-0.735,44.5
car_flag,st_scratch,5,760000,-0.41900000000000004,42.9
car_flag,st_scratch,5,780000,-0.11000000000000003,42.0
car_flag,st_scratch,5,800000,-0.7360000000000001,44.6
car_flag,st_scratch,5,820000,-0.20999999999999996,42.0
car_flag,st_scratch,5,840000,-0.21849999999999997,42.85
car_flag,st_scratch,5,860000,-1.0515,46.15
car_flag,st_scratch,5,880000,-0.2185,42.85
car_flag,st_scratch,5,900000,-0.3215,43.15
car_flag,st_scratch,5,920000,-0.534,44.4
car_flag,st_scratch,5,940000,-0.23400000000000004,44.4
car_flag,st_scratch,5,960000,-0.4385,44.85
car_flag,st_scratch,5,980000,-0.3225,43.25
car_flag,st_scratch,5,1000000,-0.6460000000000001,45.6
car_flag,st_scratch,6,20000,-0.7990000000000002,130.4
car_flag,st_scratch,6,40000,-0.197,100.7
car_flag,st_scratch,6,60000,0.0004999999999999907,60.95
car_flag,st_scratch,6,80000,0.16200000000000003,54.8
car_flag,st_scratch,6,100000,0.34199999999999997,56.8
car_flag,st_scratch,6,120000,0.35400000000000004,55.6
car_flag,st_scratch,6,140000,0.27849999999999997,63.15
car_flag,st_scratch,6,160000,0.3855,62.45
car_flag,st_scratch,6,180000,0.369,64.1
car_flag,st_scratch,6,200000,0.4109999999999999,59.9
car_flag,st_scratch,6,220000,0.45050000000000007,55.95
car_flag,st_scratch,6,240000,0.4045000000000001,60.55
car_flag,st_scratch,6,260000,0.5075000000000001,50.25
car_flag,st_scratch,6,280000,0.398,61.2
car_flag,st_scratch,6,300000,0.32650000000000007,68.35
car_flag,st_scratch,6,320000,0.40650000000000003,60.35
car_flag,st_scratch,6,340000,0.49350000000000005,51.65
car_flag,st_scratch,6,360000,0.42400000000000004,58.6
car_flag,st_scratch,6,380000,0.3505,65.95
car_flag,st_scratch,6,400000,0.3365000000000001,67.35
car_flag,st_scratch,6,420000,0.48500000000000004,52.5
car_flag,st_scratch,6,440000,0.40800000000000003,60.2
car_flag,st_scratch,6,460000,0.4485,56.15
car_flag,st_scratch,6,480000,0.38299999999999995,62.7
car_flag,st_scratch,6,500000,0.3705,63.95
car_flag,st_scratch,6,520000,0.4565,55.35
car_flag,st_scratch,6,540000,0.43699999999999994,57.3
car_flag,st_scratch,6,560000,0.303,70.7
car_flag,st_scratch,6,580000,0.4295,58.05
car_flag,st_scratch,6,600000,0.38500000000000006,62.5
car_flag,st_scratch,6,620000,0.41200000000000003,59.8
car_flag,st_scratch,6,640000,0.5365,47.35
car_flag,st_scratch,6,660000,0.5119999999999999,49.8
car_flag,st_scratch,6,680000,0.35400000000000004,65.6
car_flag,st_scratch,6,700000,0.43550000000000005,57.45
car_flag,st_scratch,6,720000,0.38649999999999995,62.35
car_flag,st_scratch,6,740000,0.44799999999999995,56.2
car_flag,st_scratch,6,760000,0.45450000000000007,55.55
car_flag,st_scratch,6,780000,0.44899999999999995,56.1
car_flag,st_scratch,6,800000,0.461,54.9
car_flag,st_scratch,6,820000,0.38450000000000006,62.55
car_flag,st_scratch,6,840000,0.409,60.1
car_flag,st_scratch,6,860000,0.42449999999999993,58.55
car_flag,st_scratch,6,880000,0.44800000000000006,56.2
car_flag,st_scratch,6,900000,0.3955000000000001,61.45
car_flag,st_scratch,6,920000,0.472,53.8
car_flag,st_scratch,6,940000,0.43199999999999994,57.8
car_flag,st_scratch,6,960000,0.378,63.2
car_flag,st_scratch,6,980000,0.5025,50.75
car_flag,st_scratch,6,1000000,0.3005,70.95
car_flag,st_scratch,7,20000,-0.8019999999999999,130.7
car_flag,st_scratch,7,40000,-0.308,111.6
car_flag,st_scratch,7,60000,0.179,83.1
car_flag,st_scratch,7,80000,0.4069999999999999,60.3
car_flag,st_scratch,7,100000,0.39249999999999996,61.75
car_flag,st_scratch,7,120000,0.3550000000000001,65.5
car_flag,st_scratch,7,140000,0.385,62.5
car_flag,st_scratch,7,160000,0.43599999999999994,57.4
car_flag,st_scratch,7,180000,0.3385,67.15
car_flag,st_scratch,7,200000,0.36650000000000005,64.35
car_flag,st_scratch,7,220000,0.3825,62.75
car_flag,st_scratch,7,240000,0.3895,62.05
car_flag,st_scratch,7,260000,0.461,54.9
car_flag,st_scratch,7,280000,0.39249999999999996,61.75
car_flag,st_scratch,7,300000,0.3509999999999999,65.9
car_flag,st_scratch,7,320000,0.302,70.8
car_flag,st_scratch,7,340000,0.4525,55.75
car_flag,st_scratch,7,360000,0.34500000000000003,66.5
car_flag,st_scratch,7,380000,0.433,57.7
car_flag,st_scratch,7,400000,0.47350000000000003,53.65
car_flag,st_scratch,7,420000,0.4490000000000001,56.1
car_flag,st_scratch,7,440000,0.42300000000000004,58.7
car_flag,st_scratch,7,460000,0.40099999999999997,60.9
car_flag,st_scratch,7,480000,0.31850000000000006,69.15
car_flag,st_scratch,7,500000,0.434,57.6
car_flag,st_scratch,7,520000,0.4725,53.75
car_flag,st_scratch,7,540000,0.376,63.4
car_flag,st_scratch,7,560000,0.40049999999999997,60.95
car_flag,st_scratch,7,580000,0.48199999999999993,52.8
car_flag,st_scratch,7,600000,0.308,70.2
car_flag,st_scratch,7,620000,0.3810000000000001,62.9
car_flag,st_scratch,7,640000,0.379,63.1
car_flag,st_scratch,7,660000,0.28850000000000003,72.15
car_flag,st_scratch,7,680000,0.44350000000000006,56.65
car_flag,st_scratch,7,700000,0.32050000000000006,68.95
car_flag,st_scratch,7,720000,0.441,56.9
car_flag,st_scratch,7,740000,0.48500000000000004,52.5
car_flag,st_scratch,7,760000,0.4415,56.85
car_flag,st_scratch,7,780000,0.38749999999999996,62.25
car_flag,st_scratch,7,800000,0.349,66.1
car_flag,st_scratch,7,820000,0.364,64.6
car_flag,st_scratch,7,840000,0.45600000000000007,55.4
car_flag,st_scratch,7,860000,0.36350000000000005,64.65
car_flag,st_scratch,7,880000,0.43,58.0
car_flag,st_scratch,7,900000,0.462,54.8
car_flag,st_scratch,7,920000,0.383,62.7
car_flag,st_scratch,7,940000,0.4109999999999999,59.9
car_flag,st_scratch,7,960000,0.37250000000000005,63.75
car_flag,st_scratch,7,980000,0.3955,61.45
car_flag,st_scratch,7,1000000,0.4454999999999999,56.45
car_flag,st_scratch,8,20000,-0.6425000000000001,95.25
car_flag,st_scratch,8,40000,-0.5815,59.15
car_flag,st_scratch,8,60000,-0.6455,45.55
car_flag,st_scratch,8,80000,-0.42200000000000004,43.2
car_flag,st_scratch,8,100000,-0.3015,41.15
car_flag,st_scratch,8,120000,-0.8799999999999999,39.0
car_flag,st_scratch,8,140000,-0.37849999999999995,38.85
car_flag,st_scratch,8,160000,-0.48,39.0
car_flag,st_scratch,8,180000,-0.9670000000000002,37.7
car_flag,st_scratch,8,200000,-0.6625,37.25
car_flag,st_scratch,8,220000,-0.458,36.8
car_flag,st_scratch,8,240000,-0.4665000000000001,37.65
car_flag,st_scratch,8,260000,-0.2685,37.85
car_flag,st_scratch,8,280000,-0.35750000000000004,36.75
car_flag,st_scratch,8,300000,-0.5585000000000001,36.85
car_flag,st_scratch,8,320000,-0.35250000000000004,36.25
car_flag,st_scratch,8,340000,-0.06500000000000003,37.5
car_flag,st_scratch,8,360000,-0.5619999999999999,37.2
car_flag,st_scratch,8,380000,-0.36150000000000004,37.15
car_flag,st_scratch,8,400000,-0.36350000000000005,37.35
car_flag,st_scratch,8,420000,-0.3685,37.85
car_flag,st_scratch,8,440000,-0.06949999999999998,37.95
car_flag,st_scratch,8,460000,-0.4629999999999999,37.3
car_flag,st_scratch,8,480000,-0.4635000000000001,37.35
car_flag,st_scratch,8,500000,-0.26299999999999996,37.3
car_flag,st_scratch,8,520000,-0.06699999999999999,37.7
car_flag,st_scratch,8,540000,-0.26149999999999995,37.15
car_flag,st_scratch,8,560000,0.04300000000000002,36.7
car_flag,st_scratch,8,580000,-0.9709999999999999,38.1
car_flag,st_scratch,8,600000,-0.5614999999999999,37.15
car_flag,st_scratch,8,620000,0.0405,36.95
car_flag,st_scratch,8,640000,-0.263,37.3
car_flag,st_scratch,8,660000,-0.15750000000000003,36.75
car_flag,st_scratch,8,680000,-0.258,36.8
car_flag,st_scratch,8,700000,-0.3545,36.45
car_flag,st_scratch,8,720000,-0.4585,36.85
car_flag,st_scratch,8,740000,-0.26,37.0
car_flag,st_scratch,8,760000,-0.553,36.3
car_flag,st_scratch,8,780000,-0.2595,36.95
car_flag,st_scratch,8,800000,-0.4565,36.65
car_flag,st_scratch,8,820000,-0.7575000000000001,36.75
car_flag,st_scratch,8,840000,-0.363,37.3
car_flag,st_scratch,8,860000,-0.1635,37.35
car_flag,st_scratch,8,880000,-0.46949999999999986,37.95
car_flag,st_scratch,8,900000,-0.35950000000000004,36.95
car_flag,st_scratch,8,920000,0.04049999999999999,36.95
car_flag,st_scratch,8,940000,-0.45549999999999996,36.55
car_flag,st_scratch,8,960000,-0.4605,37.05
car_flag,st_scratch,8,980000,-0.4535,36.35
car_flag,st_scratch,8,1000000,-0.7525000000000002,36.25
car_flag,st_scratch,9,20000,-0.41899999999999993,117.65
car_flag,st_scratch,9,40000,0.07100000000000001,93.9
car_flag,st_scratch,9,60000,0.35,66.0
car_flag,st_scratch,9,80000,0.282,72.8
car_flag,st_scratch,9,100000,0.36300000000000004,64.7
car_flag,st_scratch,9,120000,0.4835,52.65
car_flag,st_scratch,9,140000,0.47050000000000003,53.95
car_flag,st_scratch,9,160000,0.41600000000000004,59.4
car_flag,st_scratch,9,180000,0.42250000000000004,58.75
car_flag,st_scratch,9,200000,0.40750000000000003,60.25
car_flag,st_scratch,9,220000,0.38,63.0
car_flag,st_scratch,9,240000,0.43099999999999994,57.9
car_flag,st_scratch,9,260000,0.4760000000000001,53.4
car_flag,st_scratch,9,280000,0.41949999999999993,59.05
car_flag,st_scratch,9,300000,0.44049999999999995,56.95
car_flag,st_scratch,9,320000,0.3565,65.35
car_flag,st_scratch,9,340000,0.5215000000000001,48.85
car_flag,st_scratch,9,360000,0.4079999999999999,60.2
car_flag,st_scratch,9,380000,0.3915,61.85
car_flag,st_scratch,9,400000,0.4415,56.85
car_flag,st_scratch,9,420000,0.3955,61.45
car_flag,st_scratch,9,440000,0.34550000000000003,66.45
car_flag,st_scratch,9,460000,0.5089999999999999,50.1
car_flag,st_scratch,9,480000,0.38649999999999995,62.35
car_flag,st_scratch,9,500000,0.382,62.8
car_flag,st_scratch,9,520000,0.4425,56.75
car_flag,st_scratch,9,540000,0.43,58.0
car_flag,st_scratch,9,560000,0.43899999999999995,57.1
car_flag,st_scratch,9,580000,0.3375,67.25
car_flag,st_scratch,9,600000,0.36850000000000005,64.15
car_flag,st_scratch,9,620000,0.4119999999999999,59.8
car_flag,st_scratch,9,640000,0.4584999999999999,55.15
car_flag,st_scratch,9,660000,0.3510000000000001,65.9
car_flag,st_scratch,9,680000,0.4034999999999999,60.65
car_flag,st_scratch,9,700000,0.48249999999999993,52.75
car_flag,st_scratch,9,720000,0.40800000000000003,60.2
car_flag,st_scratch,9,740000,0.4065,60.35
car_flag,st_scratch,9,760000,0.384,62.6
car_flag,st_scratch,9,780000,0.43100000000000005,57.9
car_flag,st_scratch,9,800000,0.341,66.9
car_flag,st_scratch,9,820000,0.5080000000000001,50.2
car_flag,st_scratch,9,840000,0.37699999999999995,63.3
car_flag,st_scratch,9,860000,0.35550000000000004,65.45
car_flag,st_scratch,9,880000,0.4525,55.75
car_flag,st_scratch,9,900000,0.41,60.0
car_flag,st_scratch,9,920000,0.489,52.1
car_flag,st_scratch,9,940000,0.421,58.9
car_flag,st_scratch,9,960000,0.4405000000000001,56.95
car_flag,st_scratch,9,980000,0.4225,58.75
car_flag,st_scratch,9,1000000,0.40800000000000003,60.2
